id_number,id_lon,lon,id_lat,lat
19854,one_lon,124.678571791461,one_lat,10.4810540926491
19854,two_lon,124.681560156801,two_lat,10.4831657252961
19854,three_lon,124.681277885912,three_lat,10.4773491882574
19854,four_lon,124.684267702793,four_lat,10.4794605966298
19855,one_lon,124.681560156801,one_lat,10.4831657252961
19855,two_lon,124.68454871185,two_lat,10.4852784756722
19855,three_lon,124.684267702793,three_lat,10.4794605966298
19855,four_lon,124.687257723512,four_lat,10.4815731340983
20155,one_lon,124.672878637797,one_lat,10.482646427243
20155,two_lon,124.675865381093,two_lat,10.4847571711503
20155,three_lon,124.675583624906,three_lat,10.4789435668409
20155,four_lon,124.678571791461,four_lat,10.4810540926491
20156,one_lon,124.675865381093,one_lat,10.4847571711503
20156,two_lon,124.67885230931,one_lat,10.4847571711503
20156,four_lon,124.681560156801,one_lat,10.4847571711503
20156,two_lon,124.67885230931,two_lat,10.4868690107231
20157,one_lon,124.67885230931,one_lat,10.4868690107231
20157,two_lon,124.681839413369,one_lat,10.4868690107231
20157,four_lon,124.68454871185,one_lat,10.4868690107231
20157,two_lon,124.681839413369,two_lat,10.4889819566533
20158,one_lon,124.681839413369,one_lat,10.4889819566533
20158,two_lon,124.684826684033,two_lat,10.4910960196308
20158,three_lon,124.68454871185,three_lat,10.4852784756722
20158,four_lon,124.68753744737,four_lat,10.4873923546708
20455,one_lon,124.664203223662,one_lat,10.4821288180579
20455,two_lon,124.667188188642,two_lat,10.4842376255624
20455,three_lon,124.666905741504,three_lat,10.4784281836687
20455,four_lon,124.669892088344,four_lat,10.4805367683109
20456,one_lon,124.667188188642,one_lat,10.4842376255624
20456,three_lon,124.669892088344,one_lat,10.4842376255624
20456,two_lon,124.670173342627,two_lat,10.4863474965515
20456,four_lon,124.672878637797,two_lat,10.4863474965515
20457,one_lon,124.670173342627,one_lat,10.4863474965515
20457,two_lon,124.673158676839,one_lat,10.4863474965515
20457,four_lon,124.675865381093,one_lat,10.4863474965515
20457,two_lon,124.673158676839,two_lat,10.4884584415277
20458,one_lon,124.673158676839,one_lat,10.4884584415277
20458,two_lon,124.676144182356,one_lat,10.4884584415277
20458,three_lon,124.675865381093,one_lat,10.4884584415277
20458,four_lon,124.67885230931,one_lat,10.4884584415277
20459,one_lon,124.676144182356,one_lat,10.4905704709935
20459,two_lon,124.679129850101,one_lat,10.4905704709935
20459,three_lon,124.67885230931,one_lat,10.4905704709935
20459,four_lon,124.681839413369,one_lat,10.4905704709935
20460,one_lon,124.679129850101,one_lat,10.4926835954484
20460,two_lon,124.682115670847,one_lat,10.4926835954484
20460,four_lon,124.684826684033,one_lat,10.4926835954484
20460,two_lon,124.682115670847,two_lat,10.4947978253849
20461,one_lon,124.682115670847,one_lat,10.4947978253849
20461,two_lon,124.685101635204,two_lat,10.4969131712847
20461,three_lon,124.684826684033,three_lat,10.4910960196308
20461,four_lon,124.687814111901,four_lat,10.4932112103392
20755,one_lon,124.655533759345,one_lat,10.4816128017176
20755,two_lon,124.658516979158,two_lat,10.4837197409873
20755,three_lon,124.658233895106,three_lat,10.4779143515153
20755,four_lon,124.661218456319,four_lat,10.4800210635394
20756,one_lon,124.658516979158,one_lat,10.4837197409873
20756,three_lon,124.661218456319,one_lat,10.4837197409873
20756,two_lon,124.661500391733,two_lat,10.4858277122815
20756,four_lon,124.664203223662,two_lat,10.4858277122815
20757,one_lon,124.661500391733,one_lat,10.4858277122815
20757,two_lon,124.664483988569,one_lat,10.4858277122815
20757,four_lon,124.667188188642,one_lat,10.4858277122815
20757,two_lon,124.664483988569,two_lat,10.4879367259235
20758,one_lon,124.664483988569,one_lat,10.4879367259235
20758,two_lon,124.667467761029,one_lat,10.4879367259235
20758,three_lon,124.667188188642,one_lat,10.4879367259235
20758,four_lon,124.670173342627,one_lat,10.4879367259235
20759,one_lon,124.667467761029,one_lat,10.4900467922388
20759,two_lon,124.670451700336,one_lat,10.4900467922388
20759,three_lon,124.670173342627,one_lat,10.4900467922388
20759,four_lon,124.673158676839,one_lat,10.4900467922388
20760,one_lon,124.670451700336,one_lat,10.4921579215524
20760,two_lon,124.673435797571,one_lat,10.4921579215524
20760,three_lon,124.673158676839,one_lat,10.4921579215524
20760,four_lon,124.676144182356,one_lat,10.4921579215524
20761,one_lon,124.673435797571,one_lat,10.4942701241848
20761,two_lon,124.676420043668,one_lat,10.4942701241848
20761,three_lon,124.676144182356,one_lat,10.4942701241848
20761,four_lon,124.679129850101,one_lat,10.4942701241848
20762,one_lon,124.676420043668,one_lat,10.496383410449
20762,two_lon,124.679404429411,one_lat,10.496383410449
20762,three_lon,124.679129850101,one_lat,10.496383410449
20762,four_lon,124.682115670847,one_lat,10.496383410449
20763,one_lon,124.679404429411,one_lat,10.4984977906464
20763,two_lon,124.682388945432,one_lat,10.4984977906464
20763,four_lon,124.685101635204,one_lat,10.4984977906464
20763,two_lon,124.682388945432,two_lat,10.5006132750631
20764,one_lon,124.682388945432,one_lat,10.5006132750631
20764,two_lon,124.685373582203,two_lat,10.5027298739658
20764,three_lon,124.685101635204,three_lat,10.4969131712847
20764,four_lon,124.688087733621,four_lat,10.4990296436144
21055,one_lon,124.646870092719,one_lat,10.4810982854028
21055,two_lon,124.649851600219,two_lat,10.4832034228608
21055,three_lon,124.649567931354,three_lat,10.4774019779883
21055,four_lon,124.652550740664,four_lat,10.4795068841544
21056,one_lon,124.649851600219,one_lat,10.4832034228608
21056,three_lon,124.652550740664,one_lat,10.4832034228608
21056,two_lon,124.652833303949,two_lat,10.4853095615518
21056,four_lon,124.655533759345,two_lat,10.4853095615518
21057,one_lon,124.652833303949,one_lat,10.4853095615518
21057,two_lon,124.655815195659,one_lat,10.4853095615518
21057,four_lon,124.658516979158,one_lat,10.4853095615518
21057,two_lon,124.655815195659,two_lat,10.4874167116302
21058,one_lon,124.655815195659,one_lat,10.4874167116302
21058,two_lon,124.658797266974,one_lat,10.4874167116302
21058,three_lon,124.658516979158,one_lat,10.4874167116302
21058,four_lon,124.661500391733,one_lat,10.4874167116302
21059,one_lon,124.658797266974,one_lat,10.4895248832545
21059,two_lon,124.661779509389,one_lat,10.4895248832545
21059,three_lon,124.661500391733,one_lat,10.4895248832545
21059,four_lon,124.664483988569,one_lat,10.4895248832545
21060,one_lon,124.661779509389,one_lat,10.4916340865845
21060,two_lon,124.664761914268,one_lat,10.4916340865845
21060,three_lon,124.664483988569,one_lat,10.4916340865845
21060,four_lon,124.667467761029,one_lat,10.4916340865845
21061,one_lon,124.664761914268,one_lat,10.4937443317779
21061,two_lon,124.667744472841,one_lat,10.4937443317779
21061,three_lon,124.667467761029,one_lat,10.4937443317779
21061,four_lon,124.670451700336,one_lat,10.4937443317779
21062,one_lon,124.667744472841,one_lat,10.4958556289873
21062,two_lon,124.670727176199,one_lat,10.4958556289873
21062,three_lon,124.670451700336,one_lat,10.4958556289873
21062,four_lon,124.673435797571,one_lat,10.4958556289873
21063,one_lon,124.670727176199,one_lat,10.4979679883571
21063,two_lon,124.673710015289,one_lat,10.4979679883571
21063,three_lon,124.673435797571,one_lat,10.4979679883571
21063,four_lon,124.676420043668,one_lat,10.4979679883571
21064,one_lon,124.673710015289,one_lat,10.5000814200195
21064,two_lon,124.676692980916,one_lat,10.5000814200195
21064,three_lon,124.676420043668,one_lat,10.5000814200195
21064,four_lon,124.679404429411,one_lat,10.5000814200195
21065,one_lon,124.676692980916,one_lat,10.502195934091
21065,two_lon,124.679676063736,one_lat,10.502195934091
21065,three_lon,124.679404429411,one_lat,10.502195934091
21065,four_lon,124.682388945432,one_lat,10.502195934091
21066,one_lon,124.679676063736,one_lat,10.5043115406686
21066,two_lon,124.68265925425,one_lat,10.5043115406686
21066,four_lon,124.685373582203,one_lat,10.5043115406686
21066,two_lon,124.68265925425,two_lat,10.5064282498259
21067,one_lon,124.68265925425,one_lat,10.5064282498259
21067,two_lon,124.685642542809,two_lat,10.5085460716085
21067,three_lon,124.685373582203,three_lat,10.5027298739658
21067,four_lon,124.688358330037,four_lat,10.5048475975976
21356,one_lon,124.641191902138,one_lat,10.4826885796711
21356,two_lon,124.644171929323,two_lat,10.4847929511983
21356,three_lon,124.643888789578,three_lat,10.4789941390302
21356,four_lon,124.646870092719,four_lat,10.4810982854028
21357,one_lon,124.644171929323,one_lat,10.4847929511983
21357,two_lon,124.647152147928,one_lat,10.4847929511983
21357,four_lon,124.649851600219,one_lat,10.4847929511983
21357,two_lon,124.647152147928,two_lat,10.4868983037824
21358,one_lon,124.647152147928,one_lat,10.4868983037824
21358,two_lon,124.650132549816,one_lat,10.4868983037824
21358,three_lon,124.649851600219,one_lat,10.4868983037824
21358,four_lon,124.652833303949,one_lat,10.4868983037824
21359,one_lon,124.650132549816,one_lat,10.4890046474246
21359,two_lon,124.65311312673,one_lat,10.4890046474246
21359,three_lon,124.652833303949,one_lat,10.4890046474246
21359,four_lon,124.655815195659,one_lat,10.4890046474246
21360,one_lon,124.65311312673,one_lat,10.4911119921286
21360,two_lon,124.656093870296,one_lat,10.4911119921286
21360,three_lon,124.655815195659,one_lat,10.4911119921286
21360,four_lon,124.658797266974,one_lat,10.4911119921286
21361,one_lon,124.656093870296,one_lat,10.493220347898
21361,two_lon,124.659074772011,one_lat,10.493220347898
21361,three_lon,124.658797266974,one_lat,10.493220347898
21361,four_lon,124.661779509389,one_lat,10.493220347898
21362,one_lon,124.659074772011,one_lat,10.4953297247339
21362,two_lon,124.662055823246,one_lat,10.4953297247339
21362,three_lon,124.661779509389,one_lat,10.4953297247339
21362,four_lon,124.664761914268,one_lat,10.4953297247339
21363,one_lon,124.662055823246,one_lat,10.4974401326313
21363,two_lon,124.66503701524,one_lat,10.4974401326313
21363,three_lon,124.664761914268,one_lat,10.4974401326313
21363,four_lon,124.667744472841,one_lat,10.4974401326313
21364,one_lon,124.66503701524,one_lat,10.4995515815761
21364,two_lon,124.668018339101,one_lat,10.4995515815761
21364,three_lon,124.667744472841,one_lat,10.4995515815761
21364,four_lon,124.670727176199,one_lat,10.4995515815761
21365,one_lon,124.668018339101,one_lat,10.5016640815416
21365,two_lon,124.670999785797,one_lat,10.5016640815416
21365,three_lon,124.670727176199,one_lat,10.5016640815416
21365,four_lon,124.673710015289,one_lat,10.5016640815416
21366,one_lon,124.670999785797,one_lat,10.5037776424854
21366,two_lon,124.673981346155,one_lat,10.5037776424854
21366,three_lon,124.673710015289,one_lat,10.5037776424854
21366,four_lon,124.676692980916,one_lat,10.5037776424854
21367,one_lon,124.673981346155,one_lat,10.5058922743453
21367,two_lon,124.676963010862,one_lat,10.5058922743453
21367,three_lon,124.676692980916,one_lat,10.5058922743453
21367,four_lon,124.679676063736,one_lat,10.5058922743453
21368,one_lon,124.676963010862,one_lat,10.5080079870356
21368,two_lon,124.679944770455,one_lat,10.5080079870356
21368,three_lon,124.679676063736,one_lat,10.5080079870356
21368,four_lon,124.68265925425,one_lat,10.5080079870356
21369,one_lon,124.679944770455,one_lat,10.5101247904432
21369,three_lon,124.68265925425,one_lat,10.5101247904432
21369,two_lon,124.682926615324,two_lat,10.5122426944236
21369,four_lon,124.685642542809,two_lat,10.5122426944236
21656,one_lon,124.632537737795,one_lat,10.4821751226802
21656,two_lon,124.635516120469,two_lat,10.4842777909647
21656,three_lon,124.635232454002,three_lat,10.4784827398139
21656,four_lon,124.638212074394,four_lat,10.4805851792055
21657,one_lon,124.635516120469,one_lat,10.4842777909647
21657,three_lon,124.638212074394,one_lat,10.4842777909647
21657,two_lon,124.638494697753,two_lat,10.4863814105598
21657,four_lon,124.641191902138,two_lat,10.4863814105598
21658,one_lon,124.638494697753,one_lat,10.4863814105598
21658,two_lon,124.641473461728,one_lat,10.4863814105598
21658,four_lon,124.644171929323,one_lat,10.4863814105598
21658,two_lon,124.641473461728,two_lat,10.4884859913181
21659,one_lon,124.641473461728,one_lat,10.4884859913181
21659,two_lon,124.644452404367,one_lat,10.4884859913181
21659,three_lon,124.644171929323,one_lat,10.4884859913181
21659,four_lon,124.647152147928,one_lat,10.4884859913181
21660,one_lon,124.644452404367,one_lat,10.4905915430964
21660,two_lon,124.647431517528,one_lat,10.4905915430964
21660,three_lon,124.647152147928,one_lat,10.4905915430964
21660,four_lon,124.650132549816,one_lat,10.4905915430964
21661,one_lon,124.647431517528,one_lat,10.4926980757532
21661,two_lon,124.650410792957,one_lat,10.4926980757532
21661,three_lon,124.650132549816,one_lat,10.4926980757532
21661,four_lon,124.65311312673,one_lat,10.4926980757532
21662,one_lon,124.650410792957,one_lat,10.494805599146
21662,two_lon,124.653390222281,one_lat,10.494805599146
21662,three_lon,124.65311312673,one_lat,10.494805599146
21662,four_lon,124.656093870296,one_lat,10.494805599146
21663,one_lon,124.653390222281,one_lat,10.4969141231284
21663,two_lon,124.656369797005,one_lat,10.4969141231284
21663,three_lon,124.656093870296,one_lat,10.4969141231284
21663,four_lon,124.659074772011,one_lat,10.4969141231284
21664,one_lon,124.656369797005,one_lat,10.4990236575475
21664,two_lon,124.659349508514,one_lat,10.4990236575475
21664,three_lon,124.659074772011,one_lat,10.4990236575475
21664,four_lon,124.662055823246,one_lat,10.4990236575475
21665,one_lon,124.659349508514,one_lat,10.5011342122406
21665,two_lon,124.662329348062,one_lat,10.5011342122406
21665,three_lon,124.662055823246,one_lat,10.5011342122406
21665,four_lon,124.66503701524,one_lat,10.5011342122406
21666,one_lon,124.662329348062,one_lat,10.503245797032
21666,two_lon,124.665309306775,one_lat,10.503245797032
21666,three_lon,124.66503701524,one_lat,10.503245797032
21666,four_lon,124.668018339101,one_lat,10.503245797032
21667,one_lon,124.665309306775,one_lat,10.5053584217301
21667,two_lon,124.668289375648,one_lat,10.5053584217301
21667,three_lon,124.668018339101,one_lat,10.5053584217301
21667,four_lon,124.670999785797,one_lat,10.5053584217301
21668,one_lon,124.668289375648,one_lat,10.5074720961232
21668,two_lon,124.671269545538,one_lat,10.5074720961232
21668,three_lon,124.670999785797,one_lat,10.5074720961232
21668,four_lon,124.673981346155,one_lat,10.5074720961232
21669,one_lon,124.671269545538,one_lat,10.5095868299767
21669,two_lon,124.674249807165,one_lat,10.5095868299767
21669,three_lon,124.673981346155,one_lat,10.5095868299767
21669,four_lon,124.676963010862,one_lat,10.5095868299767
21670,one_lon,124.674249807165,one_lat,10.5117026330284
21670,two_lon,124.677230151107,one_lat,10.5117026330284
21670,three_lon,124.676963010862,one_lat,10.5117026330284
21670,four_lon,124.679944770455,one_lat,10.5117026330284
21671,one_lon,124.677230151107,one_lat,10.5138195149853
21671,two_lon,124.680210567798,one_lat,10.5138195149853
21671,four_lon,124.682926615324,one_lat,10.5138195149853
21671,two_lon,124.680210567798,two_lat,10.5159374855194
21672,one_lon,124.680210567798,one_lat,10.5159374855194
21672,two_lon,124.683191047526,two_lat,10.518056554263
21672,three_lon,124.682926615324,three_lat,10.5122426944236
21672,four_lon,124.685908535705,four_lat,10.5143617087959
21956,one_lon,124.623888962472,one_lat,10.4816629656686
21956,two_lon,124.626865732399,two_lat,10.4837639932377
21956,three_lon,124.626581587433,three_lat,10.4779726006672
21956,four_lon,124.629559557547,four_lat,10.4800733958601
21957,one_lon,124.626865732399,one_lat,10.4837639932377
21957,three_lon,124.629559557547,one_lat,10.4837639932377
21957,two_lon,124.629842699908,two_lat,10.4858659429116
21957,four_lon,124.632537737795,two_lat,10.4858659429116
21958,one_lon,124.629842699908,one_lat,10.4858659429116
21958,two_lon,124.632819857277,one_lat,10.4858659429116
21958,four_lon,124.635516120469,one_lat,10.4858659429116
21958,two_lon,124.632819857277,two_lat,10.4879688244037
21959,one_lon,124.632819857277,one_lat,10.4879688244037
21959,two_lon,124.635797196684,one_lat,10.4879688244037
21959,three_lon,124.635516120469,one_lat,10.4879688244037
21959,four_lon,124.638494697753,one_lat,10.4879688244037
21960,one_lon,124.635797196684,one_lat,10.4900726474325
21960,two_lon,124.638774710206,one_lat,10.4900726474325
21960,three_lon,124.638494697753,one_lat,10.4900726474325
21960,four_lon,124.641473461728,one_lat,10.4900726474325
21961,one_lon,124.638774710206,one_lat,10.4921774217196
21961,two_lon,124.641752389811,one_lat,10.4921774217196
21961,three_lon,124.641473461728,one_lat,10.4921774217196
21961,four_lon,124.644452404367,one_lat,10.4921774217196
21962,one_lon,124.641752389811,one_lat,10.494283156987
21962,two_lon,124.644730227362,one_lat,10.494283156987
21962,three_lon,124.644452404367,one_lat,10.494283156987
21962,four_lon,124.647431517528,one_lat,10.494283156987
21963,one_lon,124.644730227362,one_lat,10.496389862955
21963,two_lon,124.647708214608,one_lat,10.496389862955
21963,three_lon,124.647431517528,one_lat,10.496389862955
21963,four_lon,124.650410792957,one_lat,10.496389862955
21964,one_lon,124.647708214608,one_lat,10.498497549339
21964,two_lon,124.650686343185,one_lat,10.498497549339
21964,three_lon,124.650410792957,one_lat,10.498497549339
21964,four_lon,124.653390222281,one_lat,10.498497549339
21965,one_lon,124.650686343185,one_lat,10.5006062258474
21965,two_lon,124.653664604612,one_lat,10.5006062258474
21965,three_lon,124.653390222281,one_lat,10.5006062258474
21965,four_lon,124.656369797005,one_lat,10.5006062258474
21966,one_lon,124.653664604612,one_lat,10.502715902178
21966,two_lon,124.656642990287,one_lat,10.502715902178
21966,three_lon,124.656369797005,one_lat,10.502715902178
21966,four_lon,124.659349508514,one_lat,10.502715902178
21967,one_lon,124.656642990287,one_lat,10.5048265880156
21967,two_lon,124.659621491488,one_lat,10.5048265880156
21967,three_lon,124.659349508514,one_lat,10.5048265880156
21967,four_lon,124.662329348062,one_lat,10.5048265880156
21968,one_lon,124.659621491488,one_lat,10.5069382930283
21968,two_lon,124.662600099364,one_lat,10.5069382930283
21968,three_lon,124.662329348062,one_lat,10.5069382930283
21968,four_lon,124.665309306775,one_lat,10.5069382930283
21969,one_lon,124.662600099364,one_lat,10.5090510268648
21969,two_lon,124.665578804939,one_lat,10.5090510268648
21969,three_lon,124.665309306775,one_lat,10.5090510268648
21969,four_lon,124.668289375648,one_lat,10.5090510268648
21970,one_lon,124.665578804939,one_lat,10.5111647991502
21970,two_lon,124.668557599106,one_lat,10.5111647991502
21970,three_lon,124.668289375648,one_lat,10.5111647991502
21970,four_lon,124.671269545538,one_lat,10.5111647991502
21971,one_lon,124.668557599106,one_lat,10.5132796194831
21971,two_lon,124.671536472622,one_lat,10.5132796194831
21971,three_lon,124.671269545538,one_lat,10.5132796194831
21971,four_lon,124.674249807165,one_lat,10.5132796194831
21972,one_lon,124.671536472622,one_lat,10.5153954974316
21972,two_lon,124.674515416111,one_lat,10.5153954974316
21972,three_lon,124.674249807165,one_lat,10.5153954974316
21972,four_lon,124.677230151107,one_lat,10.5153954974316
21973,one_lon,124.674515416111,one_lat,10.517512442529
21973,two_lon,124.677494420057,one_lat,10.517512442529
21973,three_lon,124.677230151107,one_lat,10.517512442529
21973,four_lon,124.680210567798,one_lat,10.517512442529
21974,one_lon,124.677494420057,one_lat,10.5196304642707
21974,two_lon,124.680473474801,one_lat,10.5196304642707
21974,four_lon,124.683191047526,one_lat,10.5196304642707
21974,two_lon,124.680473474801,two_lat,10.5217495721089
21975,one_lon,124.680473474801,one_lat,10.5217495721089
21975,two_lon,124.683452570543,two_lat,10.5238697754492
21975,three_lon,124.683191047526,three_lat,10.518056554263
21975,four_lon,124.68617158043,four_lat,10.5201767308047
22256,one_lon,124.615245433695,one_lat,10.4811520247021
22256,two_lon,124.618220622376,two_lat,10.4832514728041
22256,three_lon,124.617936045765,three_lat,10.4774636380308
22256,four_lon,124.620912397751,four_lat,10.4795628504985
22257,one_lon,124.618220622376,one_lat,10.4832514728041
22257,three_lon,124.620912397751,one_lat,10.4832514728041
22257,two_lon,124.621196011414,two_lat,10.4853518143055
22257,four_lon,124.623888962472,two_lat,10.4853518143055
22258,one_lon,124.621196011414,one_lat,10.4853518143055
22258,two_lon,124.624171593268,one_lat,10.4853518143055
22258,four_lon,124.626865732399,one_lat,10.4853518143055
22258,two_lon,124.624171593268,two_lat,10.4874530587888
22259,one_lon,124.624171593268,one_lat,10.4874530587888
22259,two_lon,124.627147360304,one_lat,10.4874530587888
22259,three_lon,124.626865732399,one_lat,10.4874530587888
22259,four_lon,124.629842699908,one_lat,10.4874530587888
22260,one_lon,124.627147360304,one_lat,10.4895552158429
22260,two_lon,124.630123304796,one_lat,10.4895552158429
22260,three_lon,124.629842699908,one_lat,10.4895552158429
22260,four_lon,124.632819857277,one_lat,10.4895552158429
22261,one_lon,124.630123304796,one_lat,10.4916582950605
22261,two_lon,124.633099418917,one_lat,10.4916582950605
22261,three_lon,124.632819857277,one_lat,10.4916582950605
22261,four_lon,124.635797196684,one_lat,10.4916582950605
22262,one_lon,124.633099418917,one_lat,10.4937623060363
22262,two_lon,124.636075694744,one_lat,10.4937623060363
22262,three_lon,124.635797196684,one_lat,10.4937623060363
22262,four_lon,124.638774710206,one_lat,10.4937623060363
22263,one_lon,124.636075694744,one_lat,10.4958672583643
22263,two_lon,124.639052124248,one_lat,10.4958672583643
22263,three_lon,124.638774710206,one_lat,10.4958672583643
22263,four_lon,124.641752389811,one_lat,10.4958672583643
22264,one_lon,124.639052124248,one_lat,10.4979731616362
22264,two_lon,124.642028699296,one_lat,10.4979731616362
22264,three_lon,124.641752389811,one_lat,10.4979731616362
22264,four_lon,124.644730227362,one_lat,10.4979731616362
22265,one_lon,124.642028699296,one_lat,10.5000800254378
22265,two_lon,124.645005411649,one_lat,10.5000800254378
22265,three_lon,124.644730227362,one_lat,10.5000800254378
22265,four_lon,124.647708214608,one_lat,10.5000800254378
22266,one_lon,124.645005411649,one_lat,10.5021878593473
22266,two_lon,124.647982252955,one_lat,10.5021878593473
22266,three_lon,124.647708214608,one_lat,10.5021878593473
22266,four_lon,124.650686343185,one_lat,10.5021878593473
22267,one_lon,124.647982252955,one_lat,10.504296672932
22267,two_lon,124.650959214749,one_lat,10.504296672932
22267,three_lon,124.650686343185,one_lat,10.504296672932
22267,four_lon,124.653664604612,one_lat,10.504296672932
22268,one_lon,124.650959214749,one_lat,10.5064064757457
22268,two_lon,124.653936288452,one_lat,10.5064064757457
22268,three_lon,124.653664604612,one_lat,10.5064064757457
22268,four_lon,124.656642990287,one_lat,10.5064064757457
22269,one_lon,124.653936288452,one_lat,10.5085172773254
22269,two_lon,124.656913465365,one_lat,10.5085172773254
22269,three_lon,124.656642990287,one_lat,10.5085172773254
22269,four_lon,124.659621491488,one_lat,10.5085172773254
22270,one_lon,124.656913465365,one_lat,10.5106290871884
22270,two_lon,124.659890736667,one_lat,10.5106290871884
22270,three_lon,124.659621491488,one_lat,10.5106290871884
22270,four_lon,124.662600099364,one_lat,10.5106290871884
22271,one_lon,124.659890736667,one_lat,10.512741914829
22271,two_lon,124.662868093416,one_lat,10.512741914829
22271,three_lon,124.662600099364,one_lat,10.512741914829
22271,four_lon,124.665578804939,one_lat,10.512741914829
22272,one_lon,124.662868093416,one_lat,10.5148557697151
22272,two_lon,124.665845526543,one_lat,10.5148557697151
22272,three_lon,124.665578804939,one_lat,10.5148557697151
22272,four_lon,124.668557599106,one_lat,10.5148557697151
22273,one_lon,124.665845526543,one_lat,10.5169706612844
22273,two_lon,124.668823026849,one_lat,10.5169706612844
22273,three_lon,124.668557599106,one_lat,10.5169706612844
22273,four_lon,124.671536472622,one_lat,10.5169706612844
22274,one_lon,124.668823026849,one_lat,10.5190865989411
22274,two_lon,124.671800585005,one_lat,10.5190865989411
22274,three_lon,124.671536472622,one_lat,10.5190865989411
22274,four_lon,124.674515416111,one_lat,10.5190865989411
22275,one_lon,124.671800585005,one_lat,10.5212035920517
22275,two_lon,124.674778191548,one_lat,10.5212035920517
22275,three_lon,124.674515416111,one_lat,10.5212035920517
22275,four_lon,124.677494420057,one_lat,10.5212035920517
22276,one_lon,124.674778191548,one_lat,10.5233216499412
22276,two_lon,124.677755836881,one_lat,10.5233216499412
22276,three_lon,124.677494420057,one_lat,10.5233216499412
22276,four_lon,124.680473474801,one_lat,10.5233216499412
22277,one_lon,124.677755836881,one_lat,10.5254407818891
22277,two_lon,124.680733511267,one_lat,10.5254407818891
22277,four_lon,124.683452570543,one_lat,10.5254407818891
22277,two_lon,124.680733511267,two_lat,10.527560997125
22278,one_lon,124.680733511267,one_lat,10.527560997125
22278,two_lon,124.683711204829,two_lat,10.529682304824
22278,three_lon,124.683452570543,three_lat,10.5238697754492
22278,four_lon,124.686431697336,four_lat,10.5259910836455
22558,one_lon,124.612554491393,one_lat,10.4848389404959
22558,two_lon,124.615528528609,two_lat,10.4869386089798
22558,three_lon,124.615245433695,three_lat,10.4811520247021
22558,four_lon,124.618220622376,four_lat,10.4832514728041
22559,one_lon,124.615528528609,one_lat,10.4869386089798
22559,two_lon,124.618502753946,one_lat,10.4869386089798
22559,four_lon,124.621196011414,one_lat,10.4869386089798
22559,two_lon,124.618502753946,two_lat,10.489039161547
22560,one_lon,124.618502753946,one_lat,10.489039161547
22560,two_lon,124.621477159855,one_lat,10.489039161547
22560,three_lon,124.621196011414,one_lat,10.489039161547
22560,four_lon,124.624171593268,one_lat,10.489039161547
22561,one_lon,124.621477159855,one_lat,10.4911406076695
22561,two_lon,124.624451738697,one_lat,10.4911406076695
22561,three_lon,124.624171593268,one_lat,10.4911406076695
22561,four_lon,124.627147360304,one_lat,10.4911406076695
22562,one_lon,124.624451738697,one_lat,10.4932429568222
22562,two_lon,124.627426482744,one_lat,10.4932429568222
22562,three_lon,124.627147360304,one_lat,10.4932429568222
22562,four_lon,124.630123304796,one_lat,10.4932429568222
22563,one_lon,124.627426482744,one_lat,10.4953462184808
22563,two_lon,124.630401384171,one_lat,10.4953462184808
22563,three_lon,124.630123304796,one_lat,10.4953462184808
22563,four_lon,124.633099418917,one_lat,10.4953462184808
22564,one_lon,124.630401384171,one_lat,10.4974504021195
22564,two_lon,124.633376435057,one_lat,10.4974504021195
22564,three_lon,124.633099418917,one_lat,10.4974504021195
22564,four_lon,124.636075694744,one_lat,10.4974504021195
22565,one_lon,124.633376435057,one_lat,10.4995555172091
22565,two_lon,124.636351627381,one_lat,10.4995555172091
22565,three_lon,124.636075694744,one_lat,10.4995555172091
22565,four_lon,124.639052124248,one_lat,10.4995555172091
22566,one_lon,124.636351627381,one_lat,10.5016615732143
22566,two_lon,124.639326953021,one_lat,10.5016615732143
22566,three_lon,124.639052124248,one_lat,10.5016615732143
22566,four_lon,124.642028699296,one_lat,10.5016615732143
22567,one_lon,124.639326953021,one_lat,10.5037685795913
22567,two_lon,124.642302403749,one_lat,10.5037685795913
22567,three_lon,124.642028699296,one_lat,10.5037685795913
22567,four_lon,124.645005411649,one_lat,10.5037685795913
22568,one_lon,124.642302403749,one_lat,10.5058765457849
22568,two_lon,124.645277971233,one_lat,10.5058765457849
22568,three_lon,124.645005411649,one_lat,10.5058765457849
22568,four_lon,124.647982252955,one_lat,10.5058765457849
22569,one_lon,124.645277971233,one_lat,10.5079854812262
22569,two_lon,124.648253647027,one_lat,10.5079854812262
22569,three_lon,124.647982252955,one_lat,10.5079854812262
22569,four_lon,124.650959214749,one_lat,10.5079854812262
22570,one_lon,124.648253647027,one_lat,10.5100953953295
22570,two_lon,124.651229422579,one_lat,10.5100953953295
22570,three_lon,124.650959214749,one_lat,10.5100953953295
22570,four_lon,124.653936288452,one_lat,10.5100953953295
22571,one_lon,124.651229422579,one_lat,10.5122062974893
22571,two_lon,124.654205289217,one_lat,10.5122062974893
22571,three_lon,124.653936288452,one_lat,10.5122062974893
22571,four_lon,124.656913465365,one_lat,10.5122062974893
22572,one_lon,124.654205289217,one_lat,10.5143181970772
22572,two_lon,124.657181238155,one_lat,10.5143181970772
22572,three_lon,124.656913465365,one_lat,10.5143181970772
22572,four_lon,124.659890736667,one_lat,10.5143181970772
22573,one_lon,124.657181238155,one_lat,10.5164311034387
22573,two_lon,124.660157260488,one_lat,10.5164311034387
22573,three_lon,124.659890736667,one_lat,10.5164311034387
22573,four_lon,124.662868093416,one_lat,10.5164311034387
22574,one_lon,124.660157260488,one_lat,10.5185450258898
22574,two_lon,124.663133347189,one_lat,10.5185450258898
22574,three_lon,124.662868093416,one_lat,10.5185450258898
22574,four_lon,124.665845526543,one_lat,10.5185450258898
22575,one_lon,124.663133347189,one_lat,10.5206599737133
22575,two_lon,124.666109489107,one_lat,10.5206599737133
22575,three_lon,124.665845526543,one_lat,10.5206599737133
22575,four_lon,124.668823026849,one_lat,10.5206599737133
22576,one_lon,124.666109489107,one_lat,10.5227759561557
22576,two_lon,124.669085676965,one_lat,10.5227759561557
22576,three_lon,124.668823026849,one_lat,10.5227759561557
22576,four_lon,124.671800585005,one_lat,10.5227759561557
22577,one_lon,124.669085676965,one_lat,10.5248929824228
22577,two_lon,124.672061901358,one_lat,10.5248929824228
22577,three_lon,124.671800585005,one_lat,10.5248929824228
22577,four_lon,124.674778191548,one_lat,10.5248929824228
22578,one_lon,124.672061901358,one_lat,10.5270110616762
22578,two_lon,124.67503815275,one_lat,10.5270110616762
22578,three_lon,124.674778191548,one_lat,10.5270110616762
22578,four_lon,124.677755836881,one_lat,10.5270110616762
22579,one_lon,124.67503815275,one_lat,10.5291302030291
22579,two_lon,124.678014421472,one_lat,10.5291302030291
22579,three_lon,124.677755836881,one_lat,10.5291302030291
22579,four_lon,124.680733511267,one_lat,10.5291302030291
22580,one_lon,124.678014421472,one_lat,10.5312504155422
22580,two_lon,124.680990697723,one_lat,10.5312504155422
22580,four_lon,124.683711204829,one_lat,10.5312504155422
22580,two_lon,124.680990697723,two_lat,10.533371708219
22581,one_lon,124.680990697723,one_lat,10.533371708219
22581,two_lon,124.683966971562,two_lat,10.5354940900021
22581,three_lon,124.683711204829,three_lat,10.529682304824
22581,four_lon,124.686688907548,four_lat,10.5318047141024
22861,one_lon,124.612836135895,one_lat,10.4906242738338
22861,two_lon,124.615809209524,two_lat,10.492725022378
22861,three_lon,124.615528528609,three_lat,10.4869386089798
22861,four_lon,124.618502753946,four_lat,10.489039161547
22862,one_lon,124.615809209524,one_lat,10.492725022378
22862,two_lon,124.618782451624,one_lat,10.492725022378
22862,four_lon,124.621477159855,one_lat,10.492725022378
22862,two_lon,124.618782451624,two_lat,10.4948266550461
22863,one_lon,124.618782451624,one_lat,10.4948266550461
22863,two_lon,124.621755854554,one_lat,10.4948266550461
22863,three_lon,124.621477159855,one_lat,10.4948266550461
22863,four_lon,124.624451738697,one_lat,10.4948266550461
22864,one_lon,124.621755854554,one_lat,10.4969291812025
22864,two_lon,124.624729410588,one_lat,10.4969291812025
22864,three_lon,124.624451738697,one_lat,10.4969291812025
22864,four_lon,124.627426482744,one_lat,10.4969291812025
22865,one_lon,124.624729410588,one_lat,10.4990326102092
22865,two_lon,124.627703111906,one_lat,10.4990326102092
22865,three_lon,124.627426482744,one_lat,10.4990326102092
22865,four_lon,124.630401384171,one_lat,10.4990326102092
22866,one_lon,124.627703111906,one_lat,10.5011369514238
22866,two_lon,124.630676950595,one_lat,10.5011369514238
22866,three_lon,124.630401384171,one_lat,10.5011369514238
22866,four_lon,124.633376435057,one_lat,10.5011369514238
22867,one_lon,124.630676950595,one_lat,10.5032422141973
22867,two_lon,124.633650918644,one_lat,10.5032422141973
22867,three_lon,124.633376435057,one_lat,10.5032422141973
22867,four_lon,124.636351627381,one_lat,10.5032422141973
22868,one_lon,124.633650918644,one_lat,10.5053484078719
22868,two_lon,124.636625007947,one_lat,10.5053484078719
22868,three_lon,124.636351627381,one_lat,10.5053484078719
22868,four_lon,124.639326953021,one_lat,10.5053484078719
22869,one_lon,124.636625007947,one_lat,10.5074555417778
22869,two_lon,124.639599210292,one_lat,10.5074555417778
22869,three_lon,124.639326953021,one_lat,10.5074555417778
22869,four_lon,124.642302403749,one_lat,10.5074555417778
22870,one_lon,124.639599210292,one_lat,10.5095636252312
22870,two_lon,124.642573517368,one_lat,10.5095636252312
22870,three_lon,124.642302403749,one_lat,10.5095636252312
22870,four_lon,124.645277971233,one_lat,10.5095636252312
22871,one_lon,124.642573517368,one_lat,10.5116726675316
22871,two_lon,124.645547920757,one_lat,10.5116726675316
22871,three_lon,124.645277971233,one_lat,10.5116726675316
22871,four_lon,124.648253647027,one_lat,10.5116726675316
22872,one_lon,124.645547920757,one_lat,10.5137826779584
22872,two_lon,124.648522411931,one_lat,10.5137826779584
22872,three_lon,124.648253647027,one_lat,10.5137826779584
22872,four_lon,124.651229422579,one_lat,10.5137826779584
22873,one_lon,124.648522411931,one_lat,10.5158936657685
22873,two_lon,124.651496982255,one_lat,10.5158936657685
22873,three_lon,124.651229422579,one_lat,10.5158936657685
22873,four_lon,124.654205289217,one_lat,10.5158936657685
22874,one_lon,124.651496982255,one_lat,10.518005640193
22874,two_lon,124.654471622979,one_lat,10.518005640193
22874,three_lon,124.654205289217,one_lat,10.518005640193
22874,four_lon,124.657181238155,one_lat,10.518005640193
22875,one_lon,124.654471622979,one_lat,10.5201186104339
22875,two_lon,124.657446325239,one_lat,10.5201186104339
22875,three_lon,124.657181238155,one_lat,10.5201186104339
22875,four_lon,124.660157260488,one_lat,10.5201186104339
22876,one_lon,124.657446325239,one_lat,10.5222325856608
22876,two_lon,124.660421080054,one_lat,10.5222325856608
22876,three_lon,124.660157260488,one_lat,10.5222325856608
22876,four_lon,124.663133347189,one_lat,10.5222325856608
22877,one_lon,124.660421080054,one_lat,10.5243475750078
22877,two_lon,124.663395878324,one_lat,10.5243475750078
22877,three_lon,124.663133347189,one_lat,10.5243475750078
22877,four_lon,124.666109489107,one_lat,10.5243475750078
22878,one_lon,124.663395878324,one_lat,10.5264635875693
22878,two_lon,124.666370710828,one_lat,10.5264635875693
22878,three_lon,124.666109489107,one_lat,10.5264635875693
22878,four_lon,124.669085676965,one_lat,10.5264635875693
22879,one_lon,124.666370710828,one_lat,10.5285806323969
22879,two_lon,124.669345568221,one_lat,10.5285806323969
22879,three_lon,124.669085676965,one_lat,10.5285806323969
22879,four_lon,124.672061901358,one_lat,10.5285806323969
22880,one_lon,124.669345568221,one_lat,10.5306987184949
22880,two_lon,124.672320441034,one_lat,10.5306987184949
22880,three_lon,124.672061901358,one_lat,10.5306987184949
22880,four_lon,124.67503815275,one_lat,10.5306987184949
22881,one_lon,124.672320441034,one_lat,10.5328178548171
22881,two_lon,124.675295319669,one_lat,10.5328178548171
22881,three_lon,124.67503815275,one_lat,10.5328178548171
22881,four_lon,124.678014421472,one_lat,10.5328178548171
22882,one_lon,124.675295319669,one_lat,10.534938050262
22882,two_lon,124.678270194401,one_lat,10.534938050262
22882,three_lon,124.678014421472,one_lat,10.534938050262
22882,four_lon,124.680990697723,one_lat,10.534938050262
22883,one_lon,124.678270194401,one_lat,10.537059313669
22883,two_lon,124.681245055372,one_lat,10.537059313669
22883,four_lon,124.683966971562,one_lat,10.537059313669
22883,two_lon,124.681245055372,two_lat,10.5391816538138
22884,one_lon,124.681245055372,one_lat,10.5391816538138
22884,two_lon,124.684219892595,two_lat,10.5413050794039
22884,three_lon,124.683966971562,three_lat,10.5354940900021
22884,four_lon,124.686943232911,four_lat,10.5376175697676
23164,one_lon,124.613115397379,one_lat,10.4964094117907
23164,two_lon,124.616087487806,two_lat,10.4985112160872
23164,three_lon,124.615809209524,three_lat,10.492725022378
23164,four_lon,124.618782451624,four_lat,10.4948266550461
23165,one_lon,124.616087487806,one_lat,10.4985112160872
23165,two_lon,124.619059727103,one_lat,10.4985112160872
23165,four_lon,124.621755854554,one_lat,10.4985112160872
23165,two_lon,124.619059727103,two_lat,10.5006139043334
23166,one_lon,124.619059727103,one_lat,10.5006139043334
23166,two_lon,124.622032107549,one_lat,10.5006139043334
23166,three_lon,124.621755854554,one_lat,10.5006139043334
23166,four_lon,124.624729410588,one_lat,10.5006139043334
23167,one_lon,124.622032107549,one_lat,10.5027174857812
23167,two_lon,124.625004621331,one_lat,10.5027174857812
23167,three_lon,124.624729410588,one_lat,10.5027174857812
23167,four_lon,124.627703111906,one_lat,10.5027174857812
23168,one_lon,124.625004621331,one_lat,10.5048219696753
23168,two_lon,124.627977260549,one_lat,10.5048219696753
23168,three_lon,124.627703111906,one_lat,10.5048219696753
23168,four_lon,124.630676950595,one_lat,10.5048219696753
23169,one_lon,124.627977260549,one_lat,10.5069273652508
23169,two_lon,124.630950017207,one_lat,10.5069273652508
23169,three_lon,124.630676950595,one_lat,10.5069273652508
23169,four_lon,124.633650918644,one_lat,10.5069273652508
23170,one_lon,124.630950017207,one_lat,10.509033681731
23170,two_lon,124.633922883215,one_lat,10.509033681731
23170,three_lon,124.633650918644,one_lat,10.509033681731
23170,four_lon,124.636625007947,one_lat,10.509033681731
23171,one_lon,124.633922883215,one_lat,10.5111409283247
23171,two_lon,124.636895850385,one_lat,10.5111409283247
23171,three_lon,124.636625007947,one_lat,10.5111409283247
23171,four_lon,124.639599210292,one_lat,10.5111409283247
23172,one_lon,124.636895850385,one_lat,10.5132491142237
23172,two_lon,124.63986891043,one_lat,10.5132491142237
23172,three_lon,124.639599210292,one_lat,10.5132491142237
23172,four_lon,124.642573517368,one_lat,10.5132491142237
23173,one_lon,124.63986891043,one_lat,10.5153582486001
23173,two_lon,124.64284205496,one_lat,10.5153582486001
23173,three_lon,124.642573517368,one_lat,10.5153582486001
23173,four_lon,124.645547920757,one_lat,10.5153582486001
23174,one_lon,124.64284205496,one_lat,10.5174683406036
23174,two_lon,124.64581527548,one_lat,10.5174683406036
23174,three_lon,124.645547920757,one_lat,10.5174683406036
23174,four_lon,124.648522411931,one_lat,10.5174683406036
23175,one_lon,124.64581527548,one_lat,10.5195793993581
23175,two_lon,124.648788563391,one_lat,10.5195793993581
23175,three_lon,124.648522411931,one_lat,10.5195793993581
23175,four_lon,124.651496982255,one_lat,10.5195793993581
23176,one_lon,124.648788563391,one_lat,10.5216914339593
23176,two_lon,124.651761909984,one_lat,10.5216914339593
23176,three_lon,124.651496982255,one_lat,10.5216914339593
23176,four_lon,124.654471622979,one_lat,10.5216914339593
23177,one_lon,124.651761909984,one_lat,10.5238044534711
23177,two_lon,124.654735306441,one_lat,10.5238044534711
23177,three_lon,124.654471622979,one_lat,10.5238044534711
23177,four_lon,124.657446325239,one_lat,10.5238044534711
23178,one_lon,124.654735306441,one_lat,10.5259184669225
23178,two_lon,124.657708743829,one_lat,10.5259184669225
23178,three_lon,124.657446325239,one_lat,10.5259184669225
23178,four_lon,124.660421080054,one_lat,10.5259184669225
23179,one_lon,124.657708743829,one_lat,10.5280334833039
23179,two_lon,124.660682213103,one_lat,10.5280334833039
23179,three_lon,124.660421080054,one_lat,10.5280334833039
23179,four_lon,124.663395878324,one_lat,10.5280334833039
23180,one_lon,124.660682213103,one_lat,10.530149511564
23180,two_lon,124.6636557051,one_lat,10.530149511564
23180,three_lon,124.663395878324,one_lat,10.530149511564
23180,four_lon,124.666370710828,one_lat,10.530149511564
23181,one_lon,124.6636557051,one_lat,10.532266560606
23181,two_lon,124.66662921054,one_lat,10.532266560606
23181,three_lon,124.666370710828,one_lat,10.532266560606
23181,four_lon,124.669345568221,one_lat,10.532266560606
23182,one_lon,124.66662921054,one_lat,10.5343846392836
23182,two_lon,124.669602720022,one_lat,10.5343846392836
23182,three_lon,124.669345568221,one_lat,10.5343846392836
23182,four_lon,124.672320441034,one_lat,10.5343846392836
23183,one_lon,124.669602720022,one_lat,10.5365037563974
23183,two_lon,124.672576224023,one_lat,10.5365037563974
23183,three_lon,124.672320441034,one_lat,10.5365037563974
23183,four_lon,124.675295319669,one_lat,10.5365037563974
23184,one_lon,124.672576224023,one_lat,10.5386239206908
23184,two_lon,124.675549712898,one_lat,10.5386239206908
23184,three_lon,124.675295319669,one_lat,10.5386239206908
23184,four_lon,124.678270194401,one_lat,10.5386239206908
23185,one_lon,124.675549712898,one_lat,10.5407451408455
23185,two_lon,124.678523176874,one_lat,10.5407451408455
23185,three_lon,124.678270194401,one_lat,10.5407451408455
23185,four_lon,124.681245055372,one_lat,10.5407451408455
23186,one_lon,124.678523176874,one_lat,10.542867425478
23186,two_lon,124.681496606054,one_lat,10.542867425478
23186,four_lon,124.684219892595,one_lat,10.542867425478
23186,two_lon,124.681496606054,two_lat,10.5449907831344
23187,one_lon,124.681496606054,one_lat,10.5449907831344
23187,two_lon,124.684469990412,two_lat,10.5471152222864
23187,three_lon,124.684219892595,three_lat,10.5413050794039
23187,four_lon,124.687194695944,four_lat,10.5434295990742
23467,one_lon,124.613392287409,one_lat,10.5021943059558
23467,two_lon,124.616363375343,two_lat,10.5042971415536
23467,three_lon,124.616087487806,three_lat,10.4985112160872
23467,four_lon,124.619059727103,four_lat,10.5006139043334
23468,one_lon,124.616363375343,one_lat,10.5042971415536
23468,two_lon,124.619334592609,one_lat,10.5042971415536
23468,four_lon,124.622032107549,one_lat,10.5042971415536
23468,two_lon,124.619334592609,two_lat,10.5064008607157
23469,one_lon,124.619334592609,one_lat,10.5064008607157
23469,two_lon,124.622305931411,one_lat,10.5064008607157
23469,three_lon,124.622032107549,one_lat,10.5064008607157
23469,four_lon,124.625004621331,one_lat,10.5064008607157
23470,one_lon,124.622305931411,one_lat,10.5085054725777
23470,two_lon,124.625277383861,one_lat,10.5085054725777
23470,three_lon,124.625004621331,one_lat,10.5085054725777
23470,four_lon,124.627977260549,one_lat,10.5085054725777
23471,one_lon,124.625277383861,one_lat,10.5106109862623
23471,two_lon,124.628248941982,one_lat,10.5106109862623
23471,three_lon,124.627977260549,one_lat,10.5106109862623
23471,four_lon,124.630950017207,one_lat,10.5106109862623
23472,one_lon,124.628248941982,one_lat,10.5127174108783
23472,two_lon,124.631220597706,one_lat,10.5127174108783
23472,three_lon,124.630950017207,one_lat,10.5127174108783
23472,four_lon,124.633922883215,one_lat,10.5127174108783
23473,one_lon,124.631220597706,one_lat,10.5148247555168
23473,two_lon,124.634192342869,one_lat,10.5148247555168
23473,three_lon,124.633922883215,one_lat,10.5148247555168
23473,four_lon,124.636895850385,one_lat,10.5148247555168
23474,one_lon,124.634192342869,one_lat,10.5169330292498
23474,two_lon,124.637164169213,one_lat,10.5169330292498
23474,three_lon,124.636895850385,one_lat,10.5169330292498
23474,four_lon,124.63986891043,one_lat,10.5169330292498
23475,one_lon,124.637164169213,one_lat,10.5190422411265
23475,two_lon,124.640136068379,one_lat,10.5190422411265
23475,three_lon,124.63986891043,one_lat,10.5190422411265
23475,four_lon,124.64284205496,one_lat,10.5190422411265
23476,one_lon,124.640136068379,one_lat,10.5211524001712
23476,two_lon,124.64310803191,one_lat,10.5211524001712
23476,three_lon,124.64284205496,one_lat,10.5211524001712
23476,four_lon,124.64581527548,one_lat,10.5211524001712
23477,one_lon,124.64310803191,one_lat,10.5232635153801
23477,two_lon,124.646080051245,one_lat,10.5232635153801
23477,three_lon,124.64581527548,one_lat,10.5232635153801
23477,four_lon,124.648788563391,one_lat,10.5232635153801
23478,one_lon,124.646080051245,one_lat,10.5253755957183
23478,two_lon,124.64905211772,one_lat,10.5253755957183
23478,three_lon,124.648788563391,one_lat,10.5253755957183
23478,four_lon,124.651761909984,one_lat,10.5253755957183
23479,one_lon,124.64905211772,one_lat,10.5274886501169
23479,two_lon,124.652024222564,one_lat,10.5274886501169
23479,three_lon,124.651761909984,one_lat,10.5274886501169
23479,four_lon,124.654735306441,one_lat,10.5274886501169
23480,one_lon,124.652024222564,one_lat,10.5296026874695
23480,two_lon,124.654996356898,one_lat,10.5296026874695
23480,three_lon,124.654735306441,one_lat,10.5296026874695
23480,four_lon,124.657708743829,one_lat,10.5296026874695
23481,one_lon,124.654996356898,one_lat,10.5317177166287
23481,two_lon,124.657968511734,one_lat,10.5317177166287
23481,three_lon,124.657708743829,one_lat,10.5317177166287
23481,four_lon,124.660682213103,one_lat,10.5317177166287
23482,one_lon,124.657968511734,one_lat,10.5338337464032
23482,two_lon,124.660940677971,one_lat,10.5338337464032
23482,three_lon,124.660682213103,one_lat,10.5338337464032
23482,four_lon,124.6636557051,one_lat,10.5338337464032
23483,one_lon,124.660940677971,one_lat,10.5359507855538
23483,two_lon,124.663912846394,one_lat,10.5359507855538
23483,three_lon,124.6636557051,one_lat,10.5359507855538
23483,four_lon,124.66662921054,one_lat,10.5359507855538
23484,one_lon,124.663912846394,one_lat,10.5380688427898
23484,two_lon,124.666885007676,one_lat,10.5380688427898
23484,three_lon,124.66662921054,one_lat,10.5380688427898
23484,four_lon,124.669602720022,one_lat,10.5380688427898
23485,one_lon,124.666885007676,one_lat,10.5401879267649
23485,two_lon,124.669857152371,one_lat,10.5401879267649
23485,three_lon,124.669602720022,one_lat,10.5401879267649
23485,four_lon,124.672576224023,one_lat,10.5401879267649
23486,one_lon,124.669857152371,one_lat,10.5423080460739
23486,two_lon,124.672829270914,one_lat,10.5423080460739
23486,three_lon,124.672576224023,one_lat,10.5423080460739
23486,four_lon,124.675549712898,one_lat,10.5423080460739
23487,one_lon,124.672829270914,one_lat,10.5444292092482
23487,two_lon,124.675801353622,one_lat,10.5444292092482
23487,three_lon,124.675549712898,one_lat,10.5444292092482
23487,four_lon,124.678523176874,one_lat,10.5444292092482
23488,one_lon,124.675801353622,one_lat,10.5465514247514
23488,two_lon,124.678773390691,one_lat,10.5465514247514
23488,three_lon,124.678523176874,one_lat,10.5465514247514
23488,four_lon,124.681496606054,one_lat,10.5465514247514
23489,one_lon,124.678773390691,one_lat,10.5486747009757
23489,two_lon,124.681745372193,one_lat,10.5486747009757
23489,four_lon,124.684469990412,one_lat,10.5486747009757
23489,two_lon,124.681745372193,two_lat,10.5507990462369
23490,one_lon,124.681745372193,one_lat,10.5507990462369
23490,two_lon,124.68471728808,two_lat,10.55292446877
23490,three_lon,124.684469990412,three_lat,10.5471152222864
23490,four_lon,124.687443319793,four_lat,10.5492407513262
23770,one_lon,124.613666818046,one_lat,10.5079789081835
23770,two_lon,124.616636884525,two_lat,10.5100827505076
23770,three_lon,124.616363375343,three_lat,10.5042971415536
23770,four_lon,124.619334592609,four_lat,10.5064008607157
23771,one_lon,124.616636884525,one_lat,10.5100827505076
23771,two_lon,124.619607060877,one_lat,10.5100827505076
23771,four_lon,124.622305931411,one_lat,10.5100827505076
23771,two_lon,124.619607060877,two_lat,10.5121874758043
23772,one_lon,124.619607060877,one_lat,10.5121874758043
23772,two_lon,124.622577339233,one_lat,10.5121874758043
23772,three_lon,124.622305931411,one_lat,10.5121874758043
23772,four_lon,124.625277383861,one_lat,10.5121874758043
23773,one_lon,124.622577339233,one_lat,10.5142930930883
23773,two_lon,124.625547711637,one_lat,10.5142930930883
23773,three_lon,124.625277383861,one_lat,10.5142930930883
23773,four_lon,124.628248941982,one_lat,10.5142930930883
23774,one_lon,124.625547711637,one_lat,10.5163996113573
23774,two_lon,124.628518170047,one_lat,10.5163996113573
23774,three_lon,124.628248941982,one_lat,10.5163996113573
23774,four_lon,124.631220597706,one_lat,10.5163996113573
23775,one_lon,124.628518170047,one_lat,10.5185070395892
23775,two_lon,124.631488706326,one_lat,10.5185070395892
23775,three_lon,124.631220597706,one_lat,10.5185070395892
23775,four_lon,124.634192342869,one_lat,10.5185070395892
23776,one_lon,124.631488706326,one_lat,10.5206153867401
23776,two_lon,124.634459312248,one_lat,10.5206153867401
23776,three_lon,124.634192342869,one_lat,10.5206153867401
23776,four_lon,124.637164169213,one_lat,10.5206153867401
23777,one_lon,124.634459312248,one_lat,10.5227246617409
23777,two_lon,124.63742997949,one_lat,10.5227246617409
23777,three_lon,124.637164169213,one_lat,10.5227246617409
23777,four_lon,124.640136068379,one_lat,10.5227246617409
23778,one_lon,124.63742997949,one_lat,10.5248348734953
23778,two_lon,124.640400699632,one_lat,10.5248348734953
23778,three_lon,124.640136068379,one_lat,10.5248348734953
23778,four_lon,124.64310803191,one_lat,10.5248348734953
23779,one_lon,124.640400699632,one_lat,10.5269460308764
23779,two_lon,124.643371464159,one_lat,10.5269460308764
23779,three_lon,124.64310803191,one_lat,10.5269460308764
23779,four_lon,124.646080051245,one_lat,10.5269460308764
23780,one_lon,124.643371464159,one_lat,10.5290581427238
23780,two_lon,124.646342264451,one_lat,10.5290581427238
23780,three_lon,124.646080051245,one_lat,10.5290581427238
23780,four_lon,124.64905211772,one_lat,10.5290581427238
23781,one_lon,124.646342264451,one_lat,10.5311712178407
23781,two_lon,124.649313091791,one_lat,10.5311712178407
23781,three_lon,124.64905211772,one_lat,10.5311712178407
23781,four_lon,124.652024222564,one_lat,10.5311712178407
23782,one_lon,124.649313091791,one_lat,10.5332852649907
23782,two_lon,124.652283937353,one_lat,10.5332852649907
23782,three_lon,124.652024222564,one_lat,10.5332852649907
23782,four_lon,124.654996356898,one_lat,10.5332852649907
23783,one_lon,124.652283937353,one_lat,10.5354002928944
23783,two_lon,124.655254792211,one_lat,10.5354002928944
23783,three_lon,124.654996356898,one_lat,10.5354002928944
23783,four_lon,124.657968511734,one_lat,10.5354002928944
23784,one_lon,124.655254792211,one_lat,10.5375163102259
23784,two_lon,124.658225647327,one_lat,10.5375163102259
23784,three_lon,124.657968511734,one_lat,10.5375163102259
23784,four_lon,124.660940677971,one_lat,10.5375163102259
23785,one_lon,124.658225647327,one_lat,10.5396333256095
23785,two_lon,124.661196493557,one_lat,10.5396333256095
23785,three_lon,124.660940677971,one_lat,10.5396333256095
23785,four_lon,124.663912846394,one_lat,10.5396333256095
23786,one_lon,124.661196493557,one_lat,10.5417513476161
23786,two_lon,124.664167321647,one_lat,10.5417513476161
23786,three_lon,124.663912846394,one_lat,10.5417513476161
23786,four_lon,124.666885007676,one_lat,10.5417513476161
23787,one_lon,124.664167321647,one_lat,10.5438703847592
23787,two_lon,124.667138122231,one_lat,10.5438703847592
23787,three_lon,124.666885007676,one_lat,10.5438703847592
23787,four_lon,124.669857152371,one_lat,10.5438703847592
23788,one_lon,124.667138122231,one_lat,10.5459904454911
23788,two_lon,124.670108885829,one_lat,10.5459904454911
23788,three_lon,124.669857152371,one_lat,10.5459904454911
23788,four_lon,124.672829270914,one_lat,10.5459904454911
23789,one_lon,124.670108885829,one_lat,10.5481115381993
23789,two_lon,124.673079602847,one_lat,10.5481115381993
23789,three_lon,124.672829270914,one_lat,10.5481115381993
23789,four_lon,124.675801353622,one_lat,10.5481115381993
23790,one_lon,124.673079602847,one_lat,10.550233671202
23790,two_lon,124.676050263578,one_lat,10.550233671202
23790,three_lon,124.675801353622,one_lat,10.550233671202
23790,four_lon,124.678773390691,one_lat,10.550233671202
23791,one_lon,124.676050263578,one_lat,10.552356852744
23791,two_lon,124.679020858194,one_lat,10.552356852744
23791,three_lon,124.678773390691,one_lat,10.552356852744
23791,four_lon,124.681745372193,one_lat,10.552356852744
23792,one_lon,124.679020858194,one_lat,10.5544810909925
23792,two_lon,124.681991376754,one_lat,10.5544810909925
23792,four_lon,124.68471728808,one_lat,10.5544810909925
23792,two_lon,124.681991376754,two_lat,10.5566063940327
23793,one_lon,124.681991376754,one_lat,10.5566063940327
23793,two_lon,124.684961809194,two_lat,10.5587327698632
23793,three_lon,124.68471728808,three_lat,10.55292446877
23793,four_lon,124.687689128175,four_lat,10.5550509767246
24073,one_lon,124.613939001829,one_lat,10.5137631706209
24073,two_lon,124.616908028232,two_lat,10.515867994992
24073,three_lon,124.616636884525,three_lat,10.5100827505076
24073,four_lon,124.619607060877,four_lat,10.5121874758043
24074,one_lon,124.616908028232,one_lat,10.515867994992
24074,two_lon,124.619877145134,one_lat,10.515867994992
24074,four_lon,124.622577339233,one_lat,10.515867994992
24074,two_lon,124.619877145134,two_lat,10.5179737015422
24075,one_lon,124.619877145134,one_lat,10.5179737015422
24075,two_lon,124.622846344603,one_lat,10.5179737015422
24075,three_lon,124.622577339233,one_lat,10.5179737015422
24075,four_lon,124.625547711637,one_lat,10.5179737015422
24076,one_lon,124.622846344603,one_lat,10.520080299162
24076,two_lon,124.625815618623,one_lat,10.520080299162
24076,three_lon,124.625547711637,one_lat,10.520080299162
24076,four_lon,124.628518170047,one_lat,10.520080299162
24077,one_lon,124.625815618623,one_lat,10.5221877967204
24077,two_lon,124.628784959092,one_lat,10.5221877967204
24077,three_lon,124.628518170047,one_lat,10.5221877967204
24077,four_lon,124.631488706326,one_lat,10.5221877967204
24078,one_lon,124.628784959092,one_lat,10.5242962030617
24078,two_lon,124.631754357815,one_lat,10.5242962030617
24078,three_lon,124.631488706326,one_lat,10.5242962030617
24078,four_lon,124.634459312248,one_lat,10.5242962030617
24079,one_lon,124.631754357815,one_lat,10.526405527003
24079,two_lon,124.634723806509,one_lat,10.526405527003
24079,three_lon,124.634459312248,one_lat,10.526405527003
24079,four_lon,124.63742997949,one_lat,10.526405527003
24080,one_lon,124.634723806509,one_lat,10.5285157773318
24080,two_lon,124.637693296796,one_lat,10.5285157773318
24080,three_lon,124.63742997949,one_lat,10.5285157773318
24080,four_lon,124.640400699632,one_lat,10.5285157773318
24081,one_lon,124.637693296796,one_lat,10.5306269628027
24081,two_lon,124.640662820206,one_lat,10.5306269628027
24081,three_lon,124.640400699632,one_lat,10.5306269628027
24081,four_lon,124.643371464159,one_lat,10.5306269628027
24082,one_lon,124.640662820206,one_lat,10.5327390921349
24082,two_lon,124.643632368171,one_lat,10.5327390921349
24082,three_lon,124.643371464159,one_lat,10.5327390921349
24082,four_lon,124.646342264451,one_lat,10.5327390921349
24083,one_lon,124.643632368171,one_lat,10.5348521740089
24083,two_lon,124.646601932025,one_lat,10.5348521740089
24083,three_lon,124.646342264451,one_lat,10.5348521740089
24083,four_lon,124.649313091791,one_lat,10.5348521740089
24084,one_lon,124.646601932025,one_lat,10.5369662170634
24084,two_lon,124.649571503003,one_lat,10.5369662170634
24084,three_lon,124.649313091791,one_lat,10.5369662170634
24084,four_lon,124.652283937353,one_lat,10.5369662170634
24085,one_lon,124.649571503003,one_lat,10.5390812298922
24085,two_lon,124.652541072239,one_lat,10.5390812298922
24085,three_lon,124.652283937353,one_lat,10.5390812298922
24085,four_lon,124.655254792211,one_lat,10.5390812298922
24086,one_lon,124.652541072239,one_lat,10.5411972210407
24086,two_lon,124.655510630764,one_lat,10.5411972210407
24086,three_lon,124.655254792211,one_lat,10.5411972210407
24086,four_lon,124.658225647327,one_lat,10.5411972210407
24087,one_lon,124.655510630764,one_lat,10.5433141990024
24087,two_lon,124.658480169506,one_lat,10.5433141990024
24087,three_lon,124.658225647327,one_lat,10.5433141990024
24087,four_lon,124.661196493557,one_lat,10.5433141990024
24088,one_lon,124.658480169506,one_lat,10.5454321722158
24088,two_lon,124.661449679286,one_lat,10.5454321722158
24088,three_lon,124.661196493557,one_lat,10.5454321722158
24088,four_lon,124.664167321647,one_lat,10.5454321722158
24089,one_lon,124.661449679286,one_lat,10.5475511490599
24089,two_lon,124.664419150821,one_lat,10.5475511490599
24089,three_lon,124.664167321647,one_lat,10.5475511490599
24089,four_lon,124.667138122231,one_lat,10.5475511490599
24090,one_lon,124.664419150821,one_lat,10.5496711378515
24090,two_lon,124.667388574717,one_lat,10.5496711378515
24090,three_lon,124.667138122231,one_lat,10.5496711378515
24090,four_lon,124.670108885829,one_lat,10.5496711378515
24091,one_lon,124.667388574717,one_lat,10.5517921468401
24091,two_lon,124.670357941472,one_lat,10.5517921468401
24091,three_lon,124.670108885829,one_lat,10.5517921468401
24091,four_lon,124.673079602847,one_lat,10.5517921468401
24092,one_lon,124.670357941472,one_lat,10.5539141842053
24092,two_lon,124.673327241477,one_lat,10.5539141842053
24092,three_lon,124.673079602847,one_lat,10.5539141842053
24092,four_lon,124.676050263578,one_lat,10.5539141842053
24093,one_lon,124.673327241477,one_lat,10.5560372580514
24093,two_lon,124.676296465006,one_lat,10.5560372580514
24093,four_lon,124.679020858194,one_lat,10.5560372580514
24093,two_lon,124.676296465006,two_lat,10.5581613764042
24094,one_lon,124.676296465006,one_lat,10.5581613764042
24094,three_lon,124.679020858194,one_lat,10.5581613764042
24094,two_lon,124.679265602227,two_lat,10.5602865472061
24094,four_lon,124.681991376754,two_lat,10.5602865472061
24095,one_lon,124.679265602227,one_lat,10.5602865472061
24095,two_lon,124.68223464319,two_lat,10.562412778312
24095,three_lon,124.681991376754,three_lat,10.5566063940327
24095,four_lon,124.684961809194,four_lat,10.5587327698632
24376,one_lon,124.614208851761,one_lat,10.5195470457343
24376,two_lon,124.617176819809,two_lat,10.5216528273878
24376,three_lon,124.616908028232,three_lat,10.515867994992
24376,four_lon,124.619877145134,four_lat,10.5179737015422
24377,one_lon,124.617176819809,one_lat,10.5216528273878
24377,two_lon,124.620144859079,one_lat,10.5216528273878
24377,four_lon,124.622846344603,one_lat,10.5216528273878
24377,two_lon,124.620144859079,two_lat,10.5237594902307
24378,one_lon,124.620144859079,one_lat,10.5237594902307
24378,two_lon,124.623112961586,one_lat,10.5237594902307
24378,three_lon,124.622846344603,one_lat,10.5237594902307
24378,four_lon,124.625815618623,one_lat,10.5237594902307
24379,one_lon,124.623112961586,one_lat,10.5258670430265
24379,two_lon,124.626081119261,one_lat,10.5258670430265
24379,three_lon,124.625815618623,one_lat,10.5258670430265
24379,four_lon,124.628784959092,one_lat,10.5258670430265
24380,one_lon,124.626081119261,one_lat,10.5279754945122
24380,two_lon,124.629049323948,one_lat,10.5279754945122
24380,three_lon,124.628784959092,one_lat,10.5279754945122
24380,four_lon,124.631754357815,one_lat,10.5279754945122
24381,one_lon,124.629049323948,one_lat,10.5300848533954
24381,two_lon,124.632017567404,one_lat,10.5300848533954
24381,three_lon,124.631754357815,one_lat,10.5300848533954
24381,four_lon,124.634723806509,one_lat,10.5300848533954
24382,one_lon,124.632017567404,one_lat,10.5321951283518
24382,two_lon,124.634985841297,one_lat,10.5321951283518
24382,three_lon,124.634723806509,one_lat,10.5321951283518
24382,four_lon,124.637693296796,one_lat,10.5321951283518
24383,one_lon,124.634985841297,one_lat,10.5343063280225
24383,two_lon,124.637954137204,one_lat,10.5343063280225
24383,three_lon,124.637693296796,one_lat,10.5343063280225
24383,four_lon,124.640662820206,one_lat,10.5343063280225
24384,one_lon,124.637954137204,one_lat,10.5364184610108
24384,two_lon,124.640922446609,one_lat,10.5364184610108
24384,three_lon,124.640662820206,one_lat,10.5364184610108
24384,four_lon,124.643632368171,one_lat,10.5364184610108
24385,one_lon,124.640922446609,one_lat,10.5385315358794
24385,two_lon,124.643890760905,one_lat,10.5385315358794
24385,three_lon,124.643632368171,one_lat,10.5385315358794
24385,four_lon,124.646601932025,one_lat,10.5385315358794
24386,one_lon,124.643890760905,one_lat,10.5406455611476
24386,two_lon,124.646859071386,one_lat,10.5406455611476
24386,three_lon,124.646601932025,one_lat,10.5406455611476
24386,four_lon,124.649571503003,one_lat,10.5406455611476
24387,one_lon,124.646859071386,one_lat,10.5427605452875
24387,two_lon,124.649827369251,one_lat,10.5427605452875
24387,three_lon,124.649571503003,one_lat,10.5427605452875
24387,four_lon,124.652541072239,one_lat,10.5427605452875
24388,one_lon,124.649827369251,one_lat,10.5448764967212
24388,two_lon,124.6527956456,one_lat,10.5448764967212
24388,three_lon,124.652541072239,one_lat,10.5448764967212
24388,four_lon,124.655510630764,one_lat,10.5448764967212
24389,one_lon,124.6527956456,one_lat,10.5469934238173
24389,two_lon,124.655763891436,one_lat,10.5469934238173
24389,three_lon,124.655510630764,one_lat,10.5469934238173
24389,four_lon,124.658480169506,one_lat,10.5469934238173
24390,one_lon,124.655763891436,one_lat,10.5491113348874
24390,two_lon,124.65873209766,one_lat,10.5491113348874
24390,three_lon,124.658480169506,one_lat,10.5491113348874
24390,four_lon,124.661449679286,one_lat,10.5491113348874
24391,one_lon,124.65873209766,one_lat,10.5512302381824
24391,two_lon,124.661700255069,one_lat,10.5512302381824
24391,three_lon,124.661449679286,one_lat,10.5512302381824
24391,four_lon,124.664419150821,one_lat,10.5512302381824
24392,one_lon,124.661700255069,one_lat,10.5533501418892
24392,two_lon,124.66466835436,one_lat,10.5533501418892
24392,three_lon,124.664419150821,one_lat,10.5533501418892
24392,four_lon,124.667388574717,one_lat,10.5533501418892
24393,one_lon,124.66466835436,one_lat,10.5554710541263
24393,two_lon,124.667636386126,one_lat,10.5554710541263
24393,four_lon,124.670357941472,one_lat,10.5554710541263
24393,two_lon,124.667636386126,two_lat,10.5575929829406
24394,one_lon,124.667636386126,one_lat,10.5575929829406
24394,three_lon,124.670357941472,one_lat,10.5575929829406
24394,two_lon,124.670604340853,two_lat,10.559715936303
24394,four_lon,124.673327241477,two_lat,10.559715936303
24395,one_lon,124.670604340853,one_lat,10.559715936303
24395,two_lon,124.673572208923,two_lat,10.5618399221043
24395,three_lon,124.673327241477,three_lat,10.5560372580514
24395,four_lon,124.676296465006,four_lat,10.5581613764042
24679,one_lon,124.614476381285,one_lat,10.5253304863338
24679,three_lon,124.617176819809,one_lat,10.5253304863338
24679,two_lon,124.617443273044,two_lat,10.5274372004396
24679,four_lon,124.620144859079,two_lat,10.5274372004396
24680,one_lon,124.617443273044,one_lat,10.5274372004396
24680,two_lon,124.62041021686,one_lat,10.5274372004396
24680,three_lon,124.620144859079,one_lat,10.5274372004396
24680,four_lon,124.623112961586,one_lat,10.5274372004396
24681,one_lon,124.62041021686,one_lat,10.5295447945551
24681,two_lon,124.623377204699,one_lat,10.5295447945551
24681,three_lon,124.623112961586,one_lat,10.5295447945551
24681,four_lon,124.626081119261,one_lat,10.5295447945551
24682,one_lon,124.623377204699,one_lat,10.5316532773139
24682,two_lon,124.626344228447,one_lat,10.5316532773139
24682,three_lon,124.626081119261,one_lat,10.5316532773139
24682,four_lon,124.629049323948,one_lat,10.5316532773139
24683,one_lon,124.626344228447,one_lat,10.5337626573184
24683,two_lon,124.629311279905,one_lat,10.5337626573184
24683,three_lon,124.629049323948,one_lat,10.5337626573184
24683,four_lon,124.632017567404,one_lat,10.5337626573184
24684,one_lon,124.629311279905,one_lat,10.5358729431371
24684,two_lon,124.632278350786,one_lat,10.5358729431371
24684,three_lon,124.632017567404,one_lat,10.5358729431371
24684,four_lon,124.634985841297,one_lat,10.5358729431371
24685,one_lon,124.632278350786,one_lat,10.5379841433018
24685,two_lon,124.63524543272,one_lat,10.5379841433018
24685,three_lon,124.634985841297,one_lat,10.5379841433018
24685,four_lon,124.637954137204,one_lat,10.5379841433018
24686,one_lon,124.63524543272,one_lat,10.5400962663051
24686,two_lon,124.638212517246,one_lat,10.5400962663051
24686,three_lon,124.637954137204,one_lat,10.5400962663051
24686,four_lon,124.640922446609,one_lat,10.5400962663051
24687,one_lon,124.638212517246,one_lat,10.5422093205967
24687,two_lon,124.641179595813,one_lat,10.5422093205967
24687,three_lon,124.640922446609,one_lat,10.5422093205967
24687,four_lon,124.643890760905,one_lat,10.5422093205967
24688,one_lon,124.641179595813,one_lat,10.5443233145813
24688,two_lon,124.644146659781,one_lat,10.5443233145813
24688,three_lon,124.643890760905,one_lat,10.5443233145813
24688,four_lon,124.646859071386,one_lat,10.5443233145813
24689,one_lon,124.644146659781,one_lat,10.5464382566148
24689,two_lon,124.647113700415,one_lat,10.5464382566148
24689,three_lon,124.646859071386,one_lat,10.5464382566148
24689,four_lon,124.649827369251,one_lat,10.5464382566148
24690,one_lon,124.647113700415,one_lat,10.5485541550012
24690,two_lon,124.650080708887,one_lat,10.5485541550012
24690,three_lon,124.649827369251,one_lat,10.5485541550012
24690,four_lon,124.6527956456,one_lat,10.5485541550012
24691,one_lon,124.650080708887,one_lat,10.5506710179898
24691,two_lon,124.653047676276,one_lat,10.5506710179898
24691,three_lon,124.6527956456,one_lat,10.5506710179898
24691,four_lon,124.655763891436,one_lat,10.5506710179898
24692,one_lon,124.653047676276,one_lat,10.552788853771
24692,two_lon,124.656014593562,one_lat,10.552788853771
24692,three_lon,124.655763891436,one_lat,10.552788853771
24692,four_lon,124.65873209766,one_lat,10.552788853771
24693,one_lon,124.656014593562,one_lat,10.5549076704735
24693,two_lon,124.658981451629,one_lat,10.5549076704735
24693,three_lon,124.65873209766,one_lat,10.5549076704735
24693,four_lon,124.661700255069,one_lat,10.5549076704735
24694,one_lon,124.658981451629,one_lat,10.5570274761602
24694,two_lon,124.661948241265,one_lat,10.5570274761602
24694,four_lon,124.66466835436,one_lat,10.5570274761602
24694,two_lon,124.661948241265,two_lat,10.5591482788248
24695,one_lon,124.661948241265,one_lat,10.5591482788248
24695,two_lon,124.664914953155,two_lat,10.5612700863879
24695,three_lon,124.66466835436,three_lat,10.5554710541263
24695,four_lon,124.667636386126,four_lat,10.5575929829406
24981,one_lon,124.611775847383,one_lat,10.5290066940278
24981,two_lon,124.614741604266,two_lat,10.5311134455979
24981,three_lon,124.614476381285,three_lat,10.5253304863338
24981,four_lon,124.617443273044,four_lat,10.5274372004396
24982,one_lon,124.614741604266,one_lat,10.5311134455979
24982,two_lon,124.617707402153,one_lat,10.5311134455979
24982,four_lon,124.62041021686,one_lat,10.5311134455979
24982,two_lon,124.617707402153,two_lat,10.5332210672798
24983,one_lon,124.617707402153,one_lat,10.5332210672798
24983,two_lon,124.620673233052,one_lat,10.5332210672798
24983,three_lon,124.62041021686,one_lat,10.5332210672798
24983,four_lon,124.623377204699,one_lat,10.5332210672798
24984,one_lon,124.620673233052,one_lat,10.5353295676082
24984,two_lon,124.623639088889,one_lat,10.5353295676082
24984,three_lon,124.623377204699,one_lat,10.5353295676082
24984,four_lon,124.626344228447,one_lat,10.5353295676082
24985,one_lon,124.623639088889,one_lat,10.5374389550843
24985,two_lon,124.626604961511,one_lat,10.5374389550843
24985,three_lon,124.626344228447,one_lat,10.5374389550843
24985,four_lon,124.629311279905,one_lat,10.5374389550843
24986,one_lon,124.626604961511,one_lat,10.5395492381739
24986,two_lon,124.629570842683,one_lat,10.5395492381739
24986,three_lon,124.629311279905,one_lat,10.5395492381739
24986,four_lon,124.632278350786,one_lat,10.5395492381739
24987,one_lon,124.629570842683,one_lat,10.5416604253041
24987,two_lon,124.632536724087,one_lat,10.5416604253041
24987,three_lon,124.632278350786,one_lat,10.5416604253041
24987,four_lon,124.63524543272,one_lat,10.5416604253041
24988,one_lon,124.632536724087,one_lat,10.543772524861
24988,two_lon,124.635502597318,one_lat,10.543772524861
24988,three_lon,124.63524543272,one_lat,10.543772524861
24988,four_lon,124.638212517246,one_lat,10.543772524861
24989,one_lon,124.635502597318,one_lat,10.5458855451866
24989,two_lon,124.638468453888,one_lat,10.5458855451866
24989,three_lon,124.638212517246,one_lat,10.5458855451866
24989,four_lon,124.641179595813,one_lat,10.5458855451866
24990,one_lon,124.638468453888,one_lat,10.5479994945758
24990,two_lon,124.64143428522,one_lat,10.5479994945758
24990,three_lon,124.641179595813,one_lat,10.5479994945758
24990,four_lon,124.644146659781,one_lat,10.5479994945758
24991,one_lon,124.64143428522,one_lat,10.5501143812732
24991,two_lon,124.64440008265,one_lat,10.5501143812732
24991,three_lon,124.644146659781,one_lat,10.5501143812732
24991,four_lon,124.647113700415,one_lat,10.5501143812732
24992,one_lon,124.64440008265,one_lat,10.5522302134705
24992,two_lon,124.647365837423,one_lat,10.5522302134705
24992,three_lon,124.647113700415,one_lat,10.5522302134705
24992,four_lon,124.650080708887,one_lat,10.5522302134705
24993,one_lon,124.647365837423,one_lat,10.5543469993025
24993,two_lon,124.650331540693,one_lat,10.5543469993025
24993,three_lon,124.650080708887,one_lat,10.5543469993025
24993,four_lon,124.653047676276,one_lat,10.5543469993025
24994,one_lon,124.650331540693,one_lat,10.5564647468445
24994,two_lon,124.653297183526,one_lat,10.5564647468445
24994,four_lon,124.656014593562,one_lat,10.5564647468445
24994,two_lon,124.653297183526,two_lat,10.5585834641082
24995,one_lon,124.653297183526,one_lat,10.5585834641082
24995,three_lon,124.656014593562,one_lat,10.5585834641082
24995,two_lon,124.656262756892,two_lat,10.5607031590387
24995,four_lon,124.658981451629,two_lat,10.5607031590387
24996,one_lon,124.656262756892,one_lat,10.5607031590387
24996,two_lon,124.659228251669,two_lat,10.5628238395108
24996,three_lon,124.658981451629,three_lat,10.5570274761602
24996,four_lon,124.661948241265,four_lat,10.5591482788248
25284,one_lon,124.612039870306,one_lat,10.5347882414422
25284,two_lon,124.615004534966,two_lat,10.5368958770957
25284,three_lon,124.614741604266,three_lat,10.5311134455979
25284,four_lon,124.617707402153,four_lat,10.5332210672798
25285,one_lon,124.615004534966,one_lat,10.5368958770957
25285,two_lon,124.61796922175,one_lat,10.5368958770957
25285,four_lon,124.620673233052,one_lat,10.5368958770957
25285,two_lon,124.61796922175,two_lat,10.5390043814512
25286,one_lon,124.61796922175,one_lat,10.5390043814512
25286,two_lon,124.620933922631,one_lat,10.5390043814512
25286,three_lon,124.620673233052,one_lat,10.5390043814512
25286,four_lon,124.623639088889,one_lat,10.5390043814512
25287,one_lon,124.620933922631,one_lat,10.5411137629133
25287,two_lon,124.623898629503,one_lat,10.5411137629133
25287,three_lon,124.623639088889,one_lat,10.5411137629133
25287,four_lon,124.626604961511,one_lat,10.5411137629133
25288,one_lon,124.623898629503,one_lat,10.5432240298491
25288,two_lon,124.626863334184,one_lat,10.5432240298491
25288,three_lon,124.626604961511,one_lat,10.5432240298491
25288,four_lon,124.629570842683,one_lat,10.5432240298491
25289,one_lon,124.626863334184,one_lat,10.5453351905856
25289,two_lon,124.629828028409,one_lat,10.5453351905856
25289,three_lon,124.629570842683,one_lat,10.5453351905856
25289,four_lon,124.632536724087,one_lat,10.5453351905856
25290,one_lon,124.629828028409,one_lat,10.5474472534071
25290,two_lon,124.632792703835,one_lat,10.5474472534071
25290,three_lon,124.632536724087,one_lat,10.5474472534071
25290,four_lon,124.635502597318,one_lat,10.5474472534071
25291,one_lon,124.632792703835,one_lat,10.5495602265524
25291,two_lon,124.635757352035,one_lat,10.5495602265524
25291,three_lon,124.635502597318,one_lat,10.5495602265524
25291,four_lon,124.638468453888,one_lat,10.5495602265524
25292,one_lon,124.635757352035,one_lat,10.5516741182115
25292,two_lon,124.638721964499,one_lat,10.5516741182115
25292,three_lon,124.638468453888,one_lat,10.5516741182115
25292,four_lon,124.64143428522,one_lat,10.5516741182115
25293,one_lon,124.638721964499,one_lat,10.553788936523
25293,two_lon,124.641686532634,one_lat,10.553788936523
25293,three_lon,124.64143428522,one_lat,10.553788936523
25293,four_lon,124.64440008265,one_lat,10.553788936523
25294,one_lon,124.641686532634,one_lat,10.5559046895709
25294,two_lon,124.644651047761,one_lat,10.5559046895709
25294,four_lon,124.647365837423,one_lat,10.5559046895709
25294,two_lon,124.644651047761,two_lat,10.5580213853814
25295,one_lon,124.644651047761,one_lat,10.5580213853814
25295,three_lon,124.647365837423,one_lat,10.5580213853814
25295,two_lon,124.647615501113,two_lat,10.5601390319196
25295,four_lon,124.650331540693,two_lat,10.5601390319196
25296,one_lon,124.647615501113,one_lat,10.5601390319196
25296,two_lon,124.650579883839,two_lat,10.5622576370863
25296,three_lon,124.650331540693,three_lat,10.5564647468445
25296,four_lon,124.653297183526,four_lat,10.5585834641082
25587,one_lon,124.612301632597,one_lat,10.540569239814
25587,two_lon,124.615265188023,two_lat,10.5426777348088
25587,three_lon,124.615004534966,three_lat,10.5368958770957
25587,four_lon,124.61796922175,four_lat,10.5390043814512
25588,one_lon,124.615265188023,one_lat,10.5426777348088
25588,two_lon,124.618228746825,one_lat,10.5426777348088
25588,four_lon,124.620933922631,one_lat,10.5426777348088
25588,two_lon,124.618228746825,two_lat,10.5447870969283
25589,one_lon,124.618228746825,one_lat,10.5447870969283
25589,two_lon,124.621192300951,one_lat,10.5447870969283
25589,three_lon,124.620933922631,one_lat,10.5447870969283
25589,four_lon,124.623898629503,one_lat,10.5447870969283
25590,one_lon,124.621192300951,one_lat,10.5468973344453
25590,two_lon,124.62415584227,one_lat,10.5468973344453
25590,three_lon,124.623898629503,one_lat,10.5468973344453
25590,four_lon,124.626863334184,one_lat,10.5468973344453
25591,one_lon,124.62415584227,one_lat,10.5490084555912
25591,two_lon,124.627119362575,one_lat,10.5490084555912
25591,three_lon,124.626863334184,one_lat,10.5490084555912
25591,four_lon,124.629828028409,one_lat,10.5490084555912
25592,one_lon,124.627119362575,one_lat,10.5511204685529
25592,two_lon,124.630082853584,one_lat,10.5511204685529
25592,three_lon,124.629828028409,one_lat,10.5511204685529
25592,four_lon,124.632792703835,one_lat,10.5511204685529
25593,one_lon,124.630082853584,one_lat,10.5532333814706
25593,two_lon,124.633046306935,one_lat,10.5532333814706
25593,three_lon,124.632792703835,one_lat,10.5532333814706
25593,four_lon,124.635757352035,one_lat,10.5532333814706
25594,one_lon,124.633046306935,one_lat,10.5553472024342
25594,two_lon,124.636009714187,one_lat,10.5553472024342
25594,four_lon,124.638721964499,one_lat,10.5553472024342
25594,two_lon,124.636009714187,two_lat,10.5574619394813
25595,one_lon,124.636009714187,one_lat,10.5574619394813
25595,three_lon,124.638721964499,one_lat,10.5574619394813
25595,two_lon,124.638973066818,two_lat,10.5595776005932
25595,four_lon,124.641686532634,two_lat,10.5595776005932
25596,one_lon,124.638973066818,one_lat,10.5595776005932
25596,two_lon,124.641936356226,two_lat,10.5616941936926
25596,three_lon,124.641686532634,three_lat,10.5559046895709
25596,four_lon,124.644651047761,four_lat,10.5580213853814
25890,one_lon,124.612561148903,one_lat,10.5463496435523
25890,two_lon,124.615523578426,two_lat,10.548458973151
25890,three_lon,124.615265188023,three_lat,10.5426777348088
25890,four_lon,124.618228746825,four_lat,10.5447870969283
25891,one_lon,124.615523578426,one_lat,10.548458973151
25891,two_lon,124.618485992723,one_lat,10.548458973151
25891,four_lon,124.621192300951,one_lat,10.548458973151
25891,two_lon,124.618485992723,two_lat,10.5505691681372
25892,one_lon,124.618485992723,one_lat,10.5505691681372
25892,two_lon,124.621448383718,one_lat,10.5505691681372
25892,three_lon,124.621192300951,one_lat,10.5505691681372
25892,four_lon,124.62415584227,one_lat,10.5505691681372
25893,one_lon,124.621448383718,one_lat,10.5526802366506
25893,two_lon,124.624410743265,one_lat,10.5526802366506
25893,three_lon,124.62415584227,one_lat,10.5526802366506
25893,four_lon,124.627119362575,one_lat,10.5526802366506
25894,one_lon,124.624410743265,one_lat,10.5547921867854
25894,two_lon,124.627373063144,one_lat,10.5547921867854
25894,three_lon,124.627119362575,one_lat,10.5547921867854
25894,four_lon,124.630082853584,one_lat,10.5547921867854
25895,one_lon,124.627373063144,one_lat,10.5569050265876
25895,two_lon,124.630335335058,one_lat,10.5569050265876
25895,four_lon,124.633046306935,one_lat,10.5569050265876
25895,two_lon,124.630335335058,two_lat,10.559018764052
25896,one_lon,124.630335335058,one_lat,10.559018764052
25896,two_lon,124.633297550637,two_lat,10.5611334071194
25896,three_lon,124.633046306935,three_lat,10.5553472024342
25896,four_lon,124.636009714187,four_lat,10.5574619394813
26193,one_lon,124.612818434198,one_lat,10.5521294074984
26193,two_lon,124.615779721494,two_lat,10.5542395469875
26193,three_lon,124.615523578426,three_lat,10.548458973151
26193,four_lon,124.618485992723,four_lat,10.5505691681372
26194,one_lon,124.615779721494,one_lat,10.5542395469875
26194,two_lon,124.618740975111,one_lat,10.5542395469875
26194,four_lon,124.621448383718,one_lat,10.5542395469875
26194,two_lon,124.618740975111,two_lat,10.5563505499747
26195,one_lon,124.618740975111,one_lat,10.5563505499747
26195,two_lon,124.621702186962,one_lat,10.5563505499747
26195,four_lon,124.624410743265,one_lat,10.5563505499747
26195,two_lon,124.621702186962,two_lat,10.5584624244655
26196,one_lon,124.621702186962,one_lat,10.5584624244655
26196,three_lon,124.624410743265,one_lat,10.5584624244655
26196,two_lon,124.624663348891,two_lat,10.5605751784164
26196,four_lon,124.627373063144,two_lat,10.5605751784164
26197,one_lon,124.624663348891,one_lat,10.5605751784164
26197,two_lon,124.627624452669,two_lat,10.5626888197314
26197,three_lon,124.627373063144,three_lat,10.5569050265876
26197,four_lon,124.630335335058,four_lat,10.559018764052
26496,one_lon,124.613073503758,one_lat,10.5579084869441
26496,two_lon,124.616033632845,two_lat,10.5600194116524
26496,three_lon,124.615779721494,three_lat,10.5542395469875
26496,four_lon,124.618740975111,four_lat,10.5563505499747
26497,one_lon,124.616033632845,one_lat,10.5600194116524
26497,two_lon,124.61899370996,two_lat,10.5621311978252
26497,three_lon,124.618740975111,three_lat,10.5563505499747
26497,four_lon,124.621702186962,four_lat,10.5584624244655
