"year","k","theta","mdd","med","dist90","iteration"
2013,0.831727080741266,0.370794878020719,12.4757831579916,4.47,31.6,1
2013,-2.03260437543778,1.01683883610488,7.45713951007543,5.2,17.12,2
2013,-1.04159458424003,0.616063689689354,8.03006129391252,4.36,19.86,3
2013,-1.13323734542695,0.648905006350372,7.55328233244056,4.24,18.56,4
2013,-1.44729483700085,0.728751936836788,7.65571728938225,4.59,18.52,5
2013,0.140360150768096,0.44378064881372,8.98834510095217,3.82,22.8,6
2013,-0.114672878282665,0.45274765185605,10.5162021534333,4.55,26.66,7
2013,-0.67477421778858,0.552998039025165,7.96722100108048,4.03,19.93,8
2013,-1.12397101983113,0.629393537719149,8.17516921299091,4.5,20.16,9
2013,-2.09715856251377,1.06546667178561,7.47477740707959,5.31,17.03,10
2013,-1.84679645355782,0.917762722824063,7.227866929483,4.84,16.88,11
2013,-1.02068493671293,0.607225377145225,8.22352404123467,4.43,20.37,12
2013,-2.03938824155197,1.02411286109747,7.4346354584307,5.2,17.05,13
2013,-2.23397485610067,1.10531518330119,8.18889375988475,5.89,18.55,14
2013,-2.05240543988331,1.09056328461952,6.94178458377097,4.97,15.76,15
2013,-1.58217983131877,0.769083616128494,7.75379370133024,4.78,18.61,16
2013,-1.68991830422328,0.931394423235196,6.03274170519139,4.06,14.05,17
2013,-1.84434725484481,0.910639250775195,7.30340093140643,4.87,17.08,18
2013,-2.05065100438574,1.07069396595092,7.09073035678836,5.04,16.14,19
2013,-1.02473518872841,0.624005010938813,7.59514115822398,4.16,18.75,20
2013,-1.68229452708628,0.895196786625536,6.39207477104595,4.23,14.99,21
2013,-0.899932955526418,0.616418587869392,6.95714087271736,3.78,17.2,22
2013,-2.61411360178037,1.6780913628707,8.38618547746659,6.82,17.75,23
2013,-0.400364084482788,0.521012434245058,7.57766132507395,3.67,19.05,24
2013,-2.17732807091917,1.13777930129183,7.47937164920873,5.44,16.86,25
2013,-2.38657270517548,1.4608328608529,7.31028641465468,5.74,15.81,26
2013,-2.46867827231095,1.61372369867274,7.42084585181935,5.98,15.8,27
2013,-0.813498591639031,0.579819952204708,7.7635674260022,4.06,19.33,28
2013,-0.472999439797406,0.518296816688497,8.31842034124603,4.01,20.92,29
2013,-2.5972718549141,1.89055866138361,7.76017228285962,6.48,16.13,30
2013,-0.235318085818003,0.483919763005483,8.73213916091545,4,22.06,31
2013,-1.68791200168084,0.887286719315934,6.52684696610975,4.3,15.32,32
2013,-1.59312799829706,0.815284270601778,6.94490362415053,4.41,16.52,33
2013,1.02697702489154,0.370245407919782,10.3613665862675,3.71,26.24,34
2013,-2.01962397840736,1.07843612806756,6.81189444453455,4.86,15.49,35
2013,-1.12675305427149,0.641103746655039,7.76807796124311,4.33,19.12,36
2013,-2.38032047256547,1.30779295965057,7.95148419461135,6.05,17.51,37
2013,-1.61484275403207,0.837730061227058,6.73317979535948,4.33,15.95,38
2013,-1.72461447019041,0.846798450358734,7.36368948977456,4.75,17.42,39
2013,-1.31998780319857,0.651736279377891,8.99312655976594,5.06,22.09,40
2013,-1.58396235945256,0.734921155694316,8.60477944148954,5.18,20.79,41
2013,-1.16102337010374,0.669333329799541,7.12887266209829,4.07,17.45,42
2013,-1.97529174566225,1.04160214435336,6.81563715718393,4.8,15.59,43
2013,-2.10754087471949,1.08461329145417,7.38505573282578,5.28,16.78,44
2013,-0.922926410645289,0.593700024785975,8.01186244412808,4.25,19.89,45
2013,-2.36454940843445,1.23490380823215,8.26355507811415,6.17,18.37,46
2013,-2.21315129685044,1.066682553453,8.38185024422711,5.95,19.09,47
2013,-0.119141224550584,0.481688888018285,7.93401615810317,3.62,20.05,48
2013,-2.63691792299944,1.75735934745541,8.36621866414557,6.88,17.58,49
2013,1.80881358051162,0.31252721311425,16.2676277023081,4.8,40.55,50
2013,-2.1201102930273,1.0980058279597,7.36648962222601,5.29,16.7,51
2013,-2.01544535143446,1.04747805913154,7.04226255462052,4.97,16.09,52
2013,-1.72169606162205,0.915084299787355,6.40861140462439,4.28,14.97,53
2013,0.228903457740965,0.442054880842926,8.38810409536212,3.56,21.28,54
2013,-1.63069952290107,0.760860743693455,8.33332288348311,5.11,20.03,55
2013,-1.89277336578739,0.922908646855627,7.49925176042109,5.03,17.5,56
2013,-2.38010377454451,1.33302571970716,7.81653347784831,5.98,17.16,57
2013,-1.62721221429691,0.860514208301458,6.48550634749045,4.22,15.3,58
2013,-1.90574466239825,0.954903758834484,7.19916601594246,4.9,16.7,59
2013,-0.656522024460251,0.550634613265446,7.94507344321067,4.01,19.88,60
2013,-1.34450757052408,0.72539820741388,6.98392876129655,4.17,16.91,61
2013,-2.11765153590953,1.15184146537012,6.94867405494961,5.07,15.63,62
2013,-2.21838991132279,1.15922129114644,7.63059529164898,5.58,17.14,63
2013,-1.68305358293833,0.809810253160541,7.70104762543796,4.87,18.34,64
2013,-1.06392103750565,0.660281588023135,6.71376185694148,3.81,16.46,65
2013,-0.16311589960825,0.478650970816856,8.52658124295562,3.87,21.56,66
2013,-1.64342315621316,0.825028969146212,7.1347541868156,4.55,16.94,67
2013,-2.05556973077761,1.01702890019762,7.62840397592542,5.32,17.52,68
2013,-0.99205024912754,0.627657173014894,7.22381480935948,3.97,17.82,69
2013,-1.49831972995595,0.739941116268099,7.77468533033768,4.7,18.77,70
2013,-1.71694091769174,0.936325865157975,6.14608688427782,4.15,14.31,71
2013,-2.14118679436104,1.17630285351001,6.95136613555876,5.11,15.58,72
2013,-0.72511051081716,0.585173197623931,6.89256268045686,3.62,17.14,73
2013,-1.94696983511291,1.00810173107254,6.92796221293291,4.82,15.93,74
2013,-1.0600792097781,0.618411186920908,8.08547711828993,4.4,19.98,75
2013,-1.80038030476935,0.865421421017617,7.63274581179617,4.98,17.99,76
2013,-0.928777016696038,0.596972493781936,7.91734636905835,4.22,19.65,77
2013,-0.982477950433805,0.631362206645891,7.03133897920849,3.88,17.34,78
2013,-0.561970921155911,0.547632345748378,7.37348586603542,3.7,18.46,79
2013,-2.26613907761867,1.2838943029332,7.21410152755792,5.46,15.94,80
2013,-0.167110206961176,0.486662085592071,7.95762676931529,3.66,20.1,81
2013,-2.2946521860086,1.35553546107153,7.07412937251769,5.44,15.49,82
2013,-2.17244140531622,1.12023966960884,7.57832502697055,5.48,17.12,83
2013,-2.25172428783853,1.1479740201607,7.97575500731294,5.82,17.95,84
2013,-2.47561410077198,1.74143922338327,7.15413077767047,5.87,15.05,85
2013,-2.02373039640754,1.06719545643671,6.93120662410744,4.92,15.79,86
2013,-2.24712871135362,1.16958854027961,7.77647488023249,5.71,17.45,87
2013,-1.39764857479898,0.703196184954865,7.94547051980957,4.67,19.32,88
2013,-2.34050236678464,1.25658851631806,7.93081436206665,5.96,17.58,89
2013,-2.05085393709815,1.0952338075708,6.89479582826885,4.95,15.64,90
2013,-1.73771043352723,0.922784292877528,6.42347388596029,4.31,14.99,91
2013,-1.97861971867013,1.01092475880652,7.12278555094625,4.96,16.37,92
2013,-2.25526808367087,1.23429327207933,7.41174268363855,5.54,16.48,93
2013,-2.35583573244651,1.21680900190325,8.31458761575631,6.18,18.53,94
2013,-2.25088649430543,1.14063697907823,8.02723776214333,5.84,18.08,95
2013,-2.24959806507336,1.1375841156467,8.04149727710629,5.85,18.12,96
2013,-1.61544888532988,0.854896944491316,6.48683814379657,4.21,15.32,97
2013,-1.19943159884426,0.648661629733555,8.07875431594406,4.53,19.85,98
2013,-0.991418754152285,0.634739287990198,6.98420076401998,3.87,17.21,99
2013,-2.48255053587512,1.62327558729134,7.49745175717713,6.05,15.95,100
2013,-1.55733613527663,0.773796450975106,7.46425010248413,4.61,17.9,101
2013,-0.57057698229761,0.528854012174824,8.4766004771445,4.15,21.28,102
2013,-2.48518733319249,1.47376413063854,8.01607297491092,6.31,17.31,103
2013,-2.32448289512144,1.36821713624005,7.23174946900191,5.57,15.81,104
2013,-2.02949827786256,1.11558827788444,6.60125216079074,4.77,14.93,105
2013,-1.84179021234912,0.937423101916239,6.950473802517,4.69,16.17,106
2013,-2.42115082435023,1.30202899818926,8.31596601914105,6.32,18.33,107
2013,-1.79473221635899,0.959025865216149,6.40041561072789,4.36,14.84,108
2013,-1.77578949908978,0.836349883943426,7.93376425594997,5.09,18.8,109
2013,-1.80689800162141,0.902937115384917,7.13548173098315,4.74,16.71,110
2013,-2.18053444055521,1.13480662976471,7.52595707947322,5.47,16.97,111
2013,-0.103517904613803,0.465101204133392,9.15439208222322,4.05,23.18,112
2013,-2.45864600554921,1.34311297253247,8.40034087680408,6.44,18.42,113
2013,-2.1501426842312,1.11428783638033,7.45799401513782,5.38,16.87,114
2013,-1.80834082115103,0.906838972328836,7.09432421694438,4.72,16.6,115
2013,-1.63289989373062,0.890109697704167,6.1437144773332,4.06,14.42,116
2013,-1.933264358456,0.951291464374751,7.44335555628076,5.06,17.28,117
2013,-0.188813174637076,0.479555891285464,8.67532930674187,3.94,21.93,118
2013,-2.60869227087497,1.54196528017394,8.78848691295397,7,18.84,119
2013,-0.766096759671741,0.587561058247533,7.0851408584469,3.73,17.61,120
2013,-2.21391396998899,1.15796509245554,7.60566810984307,5.56,17.09,121
2013,-0.632744531837462,0.544898402648271,8.06080749314283,4.03,20.19,122
2013,-0.73117760151313,0.539237915199947,9.24585737741814,4.59,23.18,123
2013,-2.12828860463967,1.19377733063316,6.7550390196017,4.99,15.1,124
2013,-2.32531682387344,1.42107482524589,7.02094018379938,5.47,15.25,125
2013,-0.71621374547437,0.551958116279182,8.36085924408442,4.22,20.92,126
2013,-2.24885844572068,1.21964644321606,7.45334156714149,5.55,16.61,127
2013,-2.22168148421798,1.28727508130005,6.88360411210568,5.21,15.2,128
2013,-1.80057523446096,0.893472748368883,7.21839620223203,4.77,16.93,129
2013,-0.631573022451531,0.556063149386408,7.48063128825782,3.8,18.7,130
2013,-0.892005010518148,0.596707386510479,7.64238986297089,4.07,18.97,131
2013,-2.6488287165149,1.62336710653404,8.8534495332006,7.14,18.83,132
2013,-1.96198013270391,0.930371755781114,7.93292535826906,5.34,18.48,133
2013,-1.96023580643528,0.934425754907849,7.86432357922993,5.3,18.31,134
2013,-1.43023382941725,0.735269213352302,7.37049379271833,4.44,17.81,135
2013,-2.1129842440498,1.09335939657231,7.35215247400678,5.27,16.68,136
2013,-2.63032798314385,1.76524253891039,8.29195699817823,6.82,17.41,137
2013,-2.07833659887004,1.04141100278395,7.55725805944275,5.32,17.28,138
2013,-2.24818971777864,1.2762508169792,7.12539628122481,5.38,15.76,139
2013,0.0567496208354374,0.44646757782047,9.48445942905921,4.06,24.05,140
2013,-0.60811283975213,0.568477211993799,6.76192426958119,3.49,16.87,141
2013,-1.57975098221354,0.81278140816928,6.89460513828145,4.37,16.41,142
2013,-1.75932581319302,0.80525929683839,8.40618708082238,5.3,20.04,143
2013,-1.42567115666698,0.744595179003624,7.12648013499699,4.32,17.19,144
2013,-2.24543135112073,1.22198132859197,7.41344296210897,5.52,16.51,145
2013,-1.95581567177581,1.03309522584135,6.75795965145574,4.74,15.48,146
2013,-1.50822906814064,0.776268115316247,7.05806169202242,4.37,16.92,147
2013,-1.76024853160841,0.910964906451123,6.71033183529011,4.48,15.69,148
2013,-2.00187687893745,1.08923839484277,6.60963153608207,4.73,15.01,149
2013,-0.964847546075122,0.62521159987698,7.11233588422656,3.9,17.56,150
2013,-0.802428560984914,0.571320349346703,8.0724146996759,4.18,20.13,151
2013,-2.52941458901038,1.47194222650661,8.38609318415408,6.6,18.12,152
2013,-1.82799064317204,0.950333654338508,6.71004422032489,4.56,15.58,153
2013,-1.99947821360547,1.0003225651791,7.38181446184125,5.12,17,154
2013,-2.17342134329701,1.23111368846735,6.84687304648619,5.11,15.23,155
2013,-1.43952667515121,0.706543117824139,8.18788656420006,4.82,19.89,156
2013,-2.15048639160936,1.02718852900605,8.27432164255711,5.8,18.97,157
2013,-2.22777983656974,1.15332676158014,7.74645667985179,5.66,17.42,158
2013,-2.03640084921985,0.979718061814172,7.89361465333103,5.43,18.24,159
2013,-2.39980289224298,1.43334525776435,7.51400082649908,5.87,16.3,160
2013,0.281037479955,0.426880583285601,9.52409621755105,3.92,24.18,161
2013,-2.42235328586506,1.23529767761448,8.75252042306355,6.54,19.46,162
2013,-1.968625532719,1.00880875572881,7.07266771748027,4.92,16.26,163
2013,-1.65599506851563,0.8164185191112,7.3752000826873,4.68,17.54,164
2013,-0.195637710453649,0.505531995135344,6.97118802772845,3.3,17.57,165
2013,-1.72366028286629,0.822350178622571,7.779994694255,4.96,18.49,166
2013,0.455077057695039,0.404449919690193,10.7502641006332,4.2,27.29,167
2013,-1.5126805836335,0.756676452339815,7.49686893452917,4.58,18.04,168
2013,-1.45187213379656,0.750361155129285,7.18852922838834,4.37,17.32,169
2013,-2.13990716027765,1.07973891302026,7.67095304737084,5.47,17.44,170
2013,-1.126637618058,0.680049762715476,6.60249036851587,3.81,16.13,171
2013,-1.60795853698867,0.816788892495698,7.02299644392191,4.46,16.7,172
2013,-2.52499333703839,1.60909318094131,7.86463785014441,6.33,16.75,173
2013,-2.17823277093319,1.17750425458104,7.20576109207854,5.3,16.15,174
2013,-0.488550729984256,0.512531367085902,8.83505363837911,4.23,22.24,175
2013,-2.40283075172319,1.28778006211831,8.24765597675822,6.24,18.21,176
2013,-2.55867842586273,1.68492025910471,7.91566919322221,6.44,16.74,177
2013,-2.32862460809921,1.27366527665997,7.73695086545151,5.84,17.11,178
2013,-1.34184621810143,0.723109168220944,7.01812452618119,4.19,17,179
2013,-2.3069194985927,1.11898440257163,8.68059437541637,6.27,19.62,180
2013,-0.929823660696925,0.626532197245384,6.8243802681652,3.75,16.84,181
2013,-2.18099197863409,1.07270973947951,8.05864467554323,5.74,18.34,182
2013,-0.576528638216358,0.553218650411645,7.21133927447394,3.65,18.04,183
2013,0.142843909097256,0.451281975179815,8.25732079253834,3.57,20.93,184
2013,-1.53431679847348,0.770051667850259,7.37125549367961,4.55,17.69,185
2013,-2.91864367904511,2.38677573379096,9.83894437457759,8.59,19.8,186
2013,-2.50905776308255,1.47736767031182,8.19521493756582,6.45,17.69,187
2013,-1.85596494209958,0.892191430560656,7.6482802634931,5.06,17.94,188
2013,-0.444422931458113,0.500896789196285,9.28781918736335,4.37,23.42,189
2013,-2.56603740554623,1.66442740426121,8.03017968483856,6.52,17.01,190
2013,-2.3842171445725,1.25216267355758,8.31353648024547,6.24,18.44,191
2013,-1.4659241764634,0.758175252514924,7.12296454388491,4.36,17.13,192
2013,-2.00789514719535,1.053197675458,6.9395719997604,4.91,15.84,193
2013,-1.97845899276926,1.00420012477659,7.18874279944978,4.99,16.54,194
2013,-2.08636575949369,1.02262530595071,7.80775406284587,5.46,17.91,195
2013,-2.13333849438543,1.05778810655957,7.82268850379742,5.54,17.85,196
2013,-2.1862613488194,1.18666376802755,7.20371866491393,5.31,16.12,197
2013,-2.19622106318307,1.20206763394717,7.17760587707063,5.32,16.03,198
2013,-0.503831890854333,0.534541314803766,7.61210127488131,3.76,19.1,199
2013,-2.21335569941808,1.11998864151089,7.89689854477113,5.71,17.84,200
2013,-1.27226009164682,0.704701589190717,6.97182763433701,4.1,16.95,201
2013,-2.32142119163359,1.2310509070523,7.93944123232623,5.93,17.66,202
2013,-1.77392969437024,0.879304981913942,7.22604746735623,4.75,16.99,203
2013,-0.974011006987478,0.626765050066439,7.12479230359687,3.91,17.58,204
2013,-1.77576515522882,0.851588552088623,7.66938959792946,4.97,18.12,205
2013,0.0832478652802706,0.441961303028657,9.71361918376041,4.12,24.64,206
2013,-2.0718674470926,1.10062543858875,6.99926477455826,5.03,15.86,207
2013,-1.8540224253293,0.950685124850309,6.8830737383162,4.67,15.98,208
2013,-0.833073712635797,0.60275330470598,6.97716537757798,3.74,17.3,209
2013,-1.92480434310286,0.909916775771322,7.92573269886786,5.28,18.53,210
2013,-2.34937793430085,1.40572465905478,7.25334505525165,5.63,15.79,211
2013,-1.98351203901084,1.03024473407238,6.97372794044187,4.89,15.98,212
2013,-1.95464777760151,0.995394234454189,7.10814353530585,4.92,16.38,213
2013,-2.20629169286207,1.02710224529152,8.75020001413617,6.13,20.06,214
2013,-1.97498045769934,0.990389489870037,7.30698481364516,5.05,16.85,215
2013,-0.965457564825931,0.646578579363982,6.45198639318452,3.61,15.86,216
2013,-2.51769765613498,1.39719389890554,8.62463194428739,6.69,18.79,217
2013,0.0283773794595745,0.450504902835766,9.33659118848768,4.03,23.67,218
2013,-1.60552906100199,0.800423333221421,7.29656608361403,4.59,17.41,219
2013,-1.43511486097829,0.76369160286767,6.79707875359226,4.17,16.33,220
2013,-2.58632306729897,1.54322131770359,8.58940861834137,6.84,18.42,221
2013,-2.51273732452255,1.42816617545926,8.4357205559187,6.58,18.31,222
2013,-2.4633948276939,1.52571791733535,7.65447409450606,6.08,16.44,223
2013,-2.23439869041035,1.31345473565106,6.84532713367502,5.21,15.06,224
2013,-1.83893913575291,0.94741612684554,6.81634803893555,4.62,15.83,225
2013,1.23788473153378,0.343704592901274,13.9080812582656,4.59,35.05,226
2013,-1.81555128893074,0.871813787223796,7.64796892960182,5,18.01,227
2013,-1.13573351245574,0.67302893100037,6.84881496089881,3.93,16.75,228
2013,-2.31946560665687,1.26683699929356,7.7055257992103,5.8,17.06,229
2013,-1.63147010340171,0.807208156576621,7.36129712671633,4.65,17.54,230
2013,-2.10455977515535,1.11080021254528,7.15229609287154,5.16,16.18,231
2013,-1.31634694273209,0.726426104504187,6.76716557125217,4.05,16.38,232
2013,-2.41648270389647,1.49341348952056,7.41307988722777,5.85,15.98,233
2013,-0.474269405269574,0.522838284716457,8.04770408270104,3.91,20.23,234
2013,-1.01980401965307,0.651730624200037,6.66121011883154,3.75,16.36,235
2013,-2.04782796998728,1.0547151266104,7.20875469858269,5.1,16.45,236
2013,0.0437748574731669,0.452784385992161,8.97172091108076,3.88,22.74,237
2013,-1.64790611769071,0.787984073717048,7.86278221359771,4.91,18.8,238
2013,-2.18438077375786,1.1150426618085,7.71156734694215,5.57,17.44,239
2013,-0.342590883952784,0.477151187050704,10.3467850530953,4.68,26.16,240
2013,-2.44075851557818,1.59915051327303,7.25715977402121,5.83,15.47,241
2013,-1.12912014097684,0.677621871003605,6.681675226773,3.85,16.33,242
2013,-1.8798471600303,0.950290419355402,7.06768128537893,4.8,16.41,243
2013,0.802674037463582,0.376095269678704,11.7340775442828,4.27,29.74,244
2013,-1.3961358758455,0.760056268808301,6.60639996509874,4.05,15.88,245
2013,-2.13561661343983,1.14900788943812,7.0942460988509,5.17,15.96,246
2013,-0.844281347596791,0.589847031533961,7.56441744424,4,18.8,247
2013,-1.66740686388584,0.80020948485166,7.76655726872724,4.88,18.53,248
2013,-1.88893021014085,0.952953068132236,7.10142507135813,4.83,16.48,249
2013,-2.43017165957367,1.27552296021882,8.55215391307739,6.45,18.91,250
2013,-0.588476173034271,0.54454637993141,7.73012261254764,3.87,19.36,251
2013,-2.46126468782907,1.35817976749533,8.34293410756252,6.42,18.26,252
2013,0.551401619571298,0.39892055111159,10.5655514981267,4.08,26.82,253
2013,-0.464675411933339,0.535452396785239,7.27280959752072,3.59,18.24,254
2013,-2.50928253217627,1.48824029392398,8.15402810398853,6.43,17.58,255
2013,-1.46594164253981,0.74132365150293,7.49466138955159,4.53,18.09,256
2013,-0.0888732042023562,0.453072903903535,10.2128867416033,4.42,25.89,257
2013,-2.43588271691865,1.46596314108512,7.66002261356101,6.02,16.56,258
2013,-2.1415992112881,1.19262568775375,6.85253127445545,5.06,15.32,259
2013,-1.76550765377932,0.873697249896795,7.24681073192612,4.75,17.06,260
2013,-2.30443832498152,1.31130376372789,7.3527243964432,5.6,16.19,261
2013,-2.45012380937436,1.28032887010396,8.6938204286721,6.57,19.21,262
2013,-2.21466117154386,1.15440855853194,7.63748680379788,5.58,17.17,263
2013,-1.69904199766419,0.824586684699447,7.55069681128978,4.82,17.93,264
2013,-2.11461617825126,1.16530029469013,6.83882638943388,5.01,15.35,265
2013,-2.22302637047595,1.24563868906425,7.11203552116515,5.33,15.79,266
2013,0.526940630193926,0.400849939353347,10.5296573461707,4.08,26.73,267
2013,-0.647171866884711,0.537898116421477,8.58043974049255,4.25,21.51,268
2013,-1.43410986018569,0.727140128472433,7.59516892322879,4.55,18.38,269
2013,-1.76056375662798,0.905260262758732,6.78308792200818,4.51,15.87,270
2013,-2.05869789574206,1.05902340515524,7.24909818523193,5.14,16.53,271
2013,-1.00182392457652,0.61133505175489,7.90221659922373,4.27,19.56,272
2013,-1.74543135553559,0.862803813317606,7.26427707230079,4.73,17.13,273
2013,-2.17363374501295,1.10894118605218,7.67914712866008,5.53,17.38,274
2013,-1.44528624799575,0.779764454420226,6.56424072364247,4.07,15.72,275
2013,-0.356200084662888,0.480055251147626,10.2088007086046,4.64,25.81,276
2013,-2.08902215263876,1.05384552479384,7.51999140489181,5.32,17.17,277
2013,-0.0375378701480015,0.47095867318617,8.09012119097444,3.62,20.47,278
2013,-2.25314915754562,1.22158919595097,7.47330955593053,5.56,16.65,279
2013,-2.53938794084917,1.69521177955603,7.73788763950851,6.31,16.35,280
2013,-2.2840721182271,1.25549696726497,7.50196169719327,5.63,16.63,281
2013,-1.27985576855838,0.688795671190027,7.4436479934436,4.32,18.15,282
2013,-2.13848013120278,0.950603687266731,9.1490999548664,6.21,21.24,283
2013,-1.96472623705304,0.877655518908585,8.77397908119597,5.76,20.64,284
2013,-1.44577058612904,0.729521644315693,7.62501580406686,4.57,18.44,285
2013,-1.79308343476475,0.9434764601676,6.55331393111559,4.44,15.23,286
2013,-1.85454438551449,0.934467699760637,7.075044319335,4.77,16.47,287
2013,-1.88086664620636,0.931285537291911,7.30337750509593,4.92,17.01,288
2013,-2.09896979961755,1.13817580975261,6.91291627273608,5.03,15.58,289
2013,-2.43600483463097,1.34534762298193,8.20059747713414,6.29,17.98,290
2013,-2.49947500643372,1.71091226381575,7.39722947449227,6.04,15.61,291
2013,0.993406737692182,0.370937305380159,10.5871528996784,3.8,26.82,292
2013,-1.39737118355162,0.707546955567435,7.82232370249884,4.61,19,293
2013,-2.10199392989126,1.07118090815691,7.45999163391007,5.31,16.98,294
2013,-2.16032863745116,1.17854068763925,7.07117991893004,5.2,15.84,295
2013,-2.28859582752602,1.2342435297005,7.66322912686419,5.72,17.04,296
2013,-1.01550746926885,0.647240319510942,6.76343766587811,3.79,16.62,297
2013,-1.20422268455061,0.686594505268157,6.95880954935894,4.04,16.97,298
2013,-2.6444358355839,1.59973690826602,8.89453532527567,7.15,18.96,299
2013,-2.0870965973523,1.02020802413317,7.83890307515883,5.48,17.99,300
2013,-1.27319923142391,0.717013049862985,6.68753655018242,3.97,16.22,301
2013,-2.50165865792758,1.39325685266913,8.50662209958535,6.59,18.54,302
2013,-1.95598080469995,0.9825634867092,7.25271498265426,4.99,16.75,303
2013,-0.706975256547489,0.547943885887756,8.50639632430746,4.27,21.29,304
2013,-1.88680130012312,0.937500909872967,7.26951507991014,4.91,16.92,305
2013,-2.2647117258112,1.41799555484106,6.61921894935474,5.15,14.39,306
2013,-2.5095344162697,1.55080674998247,7.92867335771366,6.32,16.99,307
2013,-1.60625628272073,0.839418883265901,6.65018844566495,4.28,15.75,308
2013,-2.0569145702866,1.03408544931639,7.46727171192603,5.24,17.1,309
2013,0.243776113318417,0.422952224188445,10.3815474950464,4.23,26.36,310
2013,-0.0078862937047282,0.469692650310886,7.9509740314695,3.55,20.12,311
2013,-1.79818997959319,0.945391529802266,6.56601771119818,4.45,15.26,312
2013,-2.21412787219187,1.08386760934547,8.22271313724814,5.88,18.68,313
2013,-1.80855755592048,0.922292404691053,6.90104095134264,4.63,16.1,314
2013,-1.02433932907045,0.618200479543053,7.80970307501325,4.25,19.3,315
2013,-0.74875367361943,0.568889109614483,7.76361041973267,4,19.36,316
2013,-0.563001725056763,0.548197732658934,7.35334299123179,3.7,18.41,317
2013,-1.30438030262676,0.711400047773982,7.03292263582342,4.16,17.07,318
2013,-1.19054582346677,0.674333559090811,7.19737705102912,4.13,17.6,319
2013,-2.30030253354486,1.27609357849728,7.50743493661436,5.67,16.6,320
2013,-2.12509845030825,1.09593481135645,7.42037833385704,5.32,16.83,321
2013,-2.20685341841162,1.05842283773724,8.41290156827537,5.96,19.19,322
2013,-2.26110304730554,1.24455238787604,7.39438197855477,5.54,16.42,323
2013,-1.96090785762289,0.995714631629954,7.14948195754388,4.95,16.47,324
2013,-1.80159994604479,0.904531098885962,7.07678172810021,4.71,16.56,325
2013,-1.98252689477546,0.979763710967954,7.47909377985848,5.14,17.28,326
2013,-1.09267832343763,0.675314015330334,6.50111881548416,3.73,15.89,327
2013,-2.44645042526877,1.32180341310835,8.41481725775871,6.42,18.5,328
2013,-2.16694702111127,1.03880490168491,8.28509387531196,5.83,18.96,329
2013,-1.57232048604331,0.834500053581424,6.50050134210114,4.17,15.41,330
2013,-2.22195331977951,1.34169189086628,6.63586254119299,5.09,14.55,331
2013,-2.26036867302712,1.23435615307362,7.44926578414937,5.56,16.56,332
2013,-2.17507784587804,1.0788348711874,7.95388634442897,5.67,18.09,333
2013,-2.1134770592246,1.01232570371507,8.13538696099186,5.67,18.69,334
2013,-1.76864070758981,0.895682056635628,6.96209989677992,4.61,16.32,335
2013,-1.8056337897004,0.92644226001092,6.83105938294102,4.59,15.93,336
2013,-2.37180951097842,1.35190226034984,7.6589295959469,5.88,16.78,337
2013,-1.90966280028561,0.950378279547844,7.28054004995568,4.94,16.9,338
2013,-0.960530378631737,0.653426825683236,6.23226340380951,3.51,15.3,339
2013,-1.88002528580248,0.987495424509429,6.6733138003557,4.6,15.4,340
2013,-2.59339614834397,1.77452090307875,7.96976603650024,6.57,16.72,341
2013,-2.01647127145395,0.990309634714805,7.6174228919989,5.26,17.57,342
2013,-2.36772975667301,1.58185759011241,6.79248179075212,5.45,14.51,343
2013,-2.02970578258827,1.00503396408022,7.55788323750853,5.25,17.39,344
2013,-1.17851909119556,0.662955891907721,7.44587503133679,4.23,18.25,345
2013,-2.32625929306056,1.26521516543611,7.76752242878317,5.85,17.2,346
2013,-1.45873890447121,0.781929375850669,6.61411669297398,4.11,15.84,347
2013,-2.0038437301161,1.09684430771479,6.56638574558464,4.71,14.89,348
2013,-2.59532335961513,1.49527605506475,8.8569690549134,7,19.09,349
2013,-1.16802616105564,0.661863655215733,7.40152373910312,4.2,18.14,350
2013,-1.07204151840162,0.622762860561285,8.01091991464692,4.38,19.78,351
2013,-2.47134389575084,1.30285741692866,8.73898574604632,6.64,19.26,352
2013,-2.38609122715154,1.31875127146493,7.93814386525719,6.05,17.46,353
2013,-1.55181761977562,0.787006885709234,7.16100348089397,4.46,17.13,354
2013,-2.01620751465757,0.963609650099275,7.92956113647824,5.42,18.37,355
2013,-2.52079588604941,1.6284966860688,7.77462534490016,6.28,16.53,356
2013,-2.34684781956087,1.49599748838589,6.90598388827025,5.46,14.88,357
2013,-2.28792188701474,1.29886961038779,7.29475241909283,5.54,16.08,358
2013,-1.33742563489288,0.742448552972775,6.56786086528152,3.97,15.85,359
2013,-2.48776494096831,1.40130380171759,8.35071845447244,6.48,18.18,360
2013,-0.440462848147204,0.521019054538111,7.88729636362225,3.82,19.83,361
2013,-2.38166524170955,1.47056327284221,7.23917919596134,5.69,15.64,362
2013,-0.867129052744981,0.590484980970319,7.71196302649034,4.08,19.16,363
2013,-2.34208737727259,1.13654858328016,8.82994442040665,6.42,19.9,364
2013,-1.42679767416635,0.720054561716401,7.71844183935531,4.6,18.7,365
2013,-2.37381774499427,1.27797031304806,8.06900943259537,6.09,17.84,366
2013,-2.58178187841684,1.54199153971392,8.555041831583,6.81,18.34,367
2013,-2.31874186631104,1.36050641287425,7.2243323122023,5.56,15.81,368
2013,-1.02578335007853,0.650201980219276,6.74559524668265,3.79,16.57,369
2013,-2.00595256337967,1.08514809826814,6.66758741339684,4.77,15.15,370
2013,-1.77795916604032,0.885781637750737,7.16288452240053,4.72,16.82,371
2013,-1.47314485023252,0.741956866842632,7.53402758419392,4.56,18.18,372
2013,-2.19897584006916,1.2225091368229,7.07383119665223,5.27,15.75,373
2013,-0.842453831823063,0.603380209341122,7.01981456643419,3.76,17.4,374
2013,-2.02333321565631,1.04524922638689,7.11800654557282,5.02,16.27,375
2013,-2.27562681890977,1.13294062501872,8.29245614630832,6.02,18.7,376
2013,-2.26837801832941,1.28742221236437,7.21190559107611,5.46,15.92,377
2013,-1.32502135526485,0.698508362615474,7.51408643272046,4.4,18.29,378
2013,-2.82486534236382,1.73572563598098,10.1623758698236,8.33,21.39,379
2013,-0.167836956832145,0.492437305042414,7.56857530241904,3.51,19.1,380
2013,-1.82006561665775,0.913724375541134,7.08842350757886,4.73,16.56,381
2013,-2.24386673399874,1.24233969673581,7.2807423087848,5.45,16.17,382
2013,-0.875084589173831,0.611074025283067,6.97077838330354,3.77,17.25,383
2013,-1.22159024574528,0.684811226936025,7.12873685045901,4.13,17.39,384
2013,-1.92754644715423,0.936490825683295,7.58476682865917,5.12,17.65,385
2013,0.778810542969455,0.370686661044525,13.178451778702,4.72,33.38,386
2013,-2.24560904865442,1.26353658428392,7.17475117399167,5.4,15.89,387
2013,-2.10354762914876,1.14546598751964,6.89434324339071,5.02,15.52,388
2013,-1.73579425670692,0.856135122442356,7.29701114351234,4.74,17.23,389
2013,-0.506833791423017,0.531869346367212,7.78179003156821,3.83,19.53,390
2013,-2.38221914711739,1.54255302349826,7.00563600230507,5.58,15.02,391
2013,-0.245781629220919,0.475123162931435,9.57339099621417,4.32,24.21,392
2013,-1.53839668234432,0.760247738863197,7.61212298881075,4.66,18.3,393
2013,-2.02311667132314,1.07892932501639,6.83181079255529,4.87,15.53,394
2013,-1.62658619837706,0.831202100609794,6.91525916663507,4.43,16.4,395
2013,-0.827991813278669,0.595966227472223,7.19720703135305,3.83,17.86,396
2013,-1.79356628940297,0.855918580488984,7.73457550251894,5.02,18.26,397
2013,-2.00484738337682,1.02401773244921,7.18313370321827,5.03,16.48,398
2013,-0.707400493185791,0.538954711128432,9.04636252423062,4.49,22.68,399
2013,-1.89020956958764,0.980147418221816,6.81562819549511,4.69,15.75,400
2013,-2.49297883651217,1.51124772207873,7.93610528514279,6.29,17.07,401
2013,-1.56651699651125,0.806938289052864,6.90300243943446,4.36,16.45,402
2013,-1.89189697745455,0.969501338694007,6.93869251943498,4.75,16.06,403
2013,-1.97246968151867,1.02289829750256,6.96470632266319,4.87,15.98,404
2013,-2.31076356209622,1.24039694130409,7.79647730401513,5.83,17.32,405
2013,-2.28198768176966,1.31751949496259,7.15924688394077,5.46,15.75,406
2013,-1.6480102358342,0.84917178787476,6.78522698430728,4.39,16.04,407
2013,-2.63855229099882,1.53964425288566,9.06399694310328,7.22,19.44,408
2013,-2.28352759749819,1.29579254924114,7.27849890127177,5.52,16.05,409
2013,-2.60963080354927,1.53351579873309,8.82925013480353,7.02,18.95,410
2013,-1.73394912496494,0.871737123365675,7.04976657981498,4.61,16.6,411
2013,-2.59616340402968,1.41148149854211,9.25374511868038,7.2,20.13,412
2013,-1.68425222058361,0.8466093132665,7.0753407819195,4.57,16.74,413
2013,-2.56110989969921,1.62487974499714,8.10534390731128,6.54,17.24,414
2013,-2.00650728008559,1.09284215305989,6.61338901570857,4.74,15.01,415
2013,-2.40137604310275,1.53189714325354,7.17446820044056,5.7,15.4,416
2013,-0.38314546963695,0.489299968049756,9.64804274323932,4.45,24.36,417
2013,-2.42915559917665,1.38268705905281,7.96058865855167,6.15,17.37,418
2013,0.666108766876096,0.378455458809939,12.9334271809639,4.73,32.79,419
2013,-1.09340499546393,0.632580150388628,7.81175325666438,4.32,19.26,420
2013,-1.97780120332291,0.986638303716829,7.36806304371636,5.08,17,421
2013,-1.95275767048741,1.03023757830733,6.76258337545869,4.74,15.49,422
2013,-2.65457340097512,1.54745465997917,9.17936241150264,7.32,19.67,423
2013,0.619250281431272,0.380835341639096,13.035725909387,4.8,33.05,424
2013,-2.16227332615824,1.14245398140221,7.33321948967953,5.34,16.52,425
2013,-1.316792514338,0.702936197911191,7.33509576457908,4.31,17.83,426
2013,-1.84350395397855,0.943002429495768,6.89763528114917,4.67,16.04,427
2013,-1.92090076423134,0.98791553819232,6.94744766176648,4.79,16.03,428
2013,-1.02756597464985,0.642220536723446,6.99942675329372,3.9,17.22,429
2013,-1.7229040565587,0.920044407154323,6.35977056372105,4.26,14.84,430
2013,-2.06899729118664,1.14924498262056,6.63548922987855,4.84,14.93,431
2013,-1.99892535381065,0.980645067622298,7.59270399495441,5.22,17.54,432
2013,-2.31041267575637,1.24598040893095,7.75940885033615,5.81,17.23,433
2013,-0.382522700997076,0.490550521491568,9.53664807519567,4.41,24.08,434
2013,0.502041126291488,0.391202055807994,12.4506729996027,4.71,31.6,435
2013,-0.146618668796327,0.464002253367737,9.66336843352745,4.27,24.47,436
2013,-2.30534898981722,1.27063713791122,7.57595637736351,5.71,16.76,437
2013,-2.19005807455404,1.21182052632482,7.07410185188481,5.25,15.78,438
2013,-2.01713943359658,1.04475547669585,7.07847623602627,4.99,16.18,439
2013,-1.84074645823224,0.897134914200987,7.46203741743706,4.94,17.49,440
2013,-0.254439908134434,0.489813046094439,8.44464116791768,3.9,21.32,441
2013,-2.13040044107242,1.09197708662752,7.49293958413469,5.37,17,442
2013,-2.12878867812535,1.22360692875504,6.58837888407191,4.91,14.67,443
2013,-1.45564349001928,0.729745237719867,7.69510224922501,4.61,18.61,444
2013,-0.693848304587559,0.567848769882195,7.39546747443119,3.81,18.45,445
2013,-1.08980386210993,0.650535870731211,7.18117696176876,4.04,17.64,446
2013,-1.31159608405097,0.734680623385638,6.55819644532187,3.95,15.85,447
2013,0.412212469985884,0.418036633821508,9.34106058394722,3.77,23.72,448
2013,-2.17079491525957,1.13545974118961,7.44808462609511,5.41,16.79,449
2013,-2.38880551279769,1.28722130491431,8.13605186554856,6.16,17.96,450
2013,-2.0247472478734,1.12218545616694,6.5244734128752,4.72,14.74,451
2013,-2.08765736550073,1.18816620453485,6.51851503258927,4.81,14.59,452
2013,-1.6689870473826,0.897415823953818,6.28104955205503,4.16,14.72,453
2013,-2.14217126068757,1.09772288109369,7.53316956325471,5.41,17.08,454
2013,-0.795898802582086,0.614893000644975,6.31751908226038,3.43,15.62,455
2013,-0.745109449629448,0.596308278422582,6.61252119979414,3.52,16.41,456
2013,-1.88537922718335,0.887439207888,7.94937963609277,5.24,18.66,457
2013,-0.595704731798853,0.53187330061905,8.50478517392424,4.18,21.35,458
2013,-2.28923519011366,1.17208269682861,8.09208679169607,5.94,18.15,459
2013,-0.567089157660947,0.558045623655606,6.92515187003653,3.52,17.31,460
2013,-2.59241790293924,1.73700652854021,8.05143865843262,6.6,16.95,461
2013,-1.77997490370983,0.903703478833046,6.93603752029288,4.61,16.24,462
2013,-2.49094431434033,1.4065177212411,8.35268768654966,6.49,18.18,463
2013,-1.86151072114101,0.891185854899616,7.70571580800603,5.09,18.08,464
2013,0.375941382686906,0.432325070154707,8.10821060740537,3.37,20.58,465
2013,-2.32510891072267,1.33151955842232,7.40555402516677,5.66,16.26,466
2013,-0.829819689044497,0.594767003592022,7.2573361948309,3.86,18.02,467
2013,-1.69369802118885,0.837756916215438,7.28517852558164,4.68,17.26,468
2013,-1.86675196644534,0.895955247603059,7.67580228384199,5.08,17.99,469
2013,-0.271138619595844,0.482476924451516,9.17012021227101,4.19,23.18,470
2013,-2.69166391195444,2.01111237002656,8.3067628091433,7.03,17.11,471
2013,-0.664283361634052,0.565453222329747,7.28616746254213,3.74,18.18,472
2013,-1.31772487474014,0.718793161620701,6.95019406043068,4.13,16.85,473
2013,-1.58044339072317,0.819787907267076,6.78323418890783,4.31,16.12,474
2013,-1.45932924201159,0.788569499055882,6.50135825203689,4.06,15.55,475
2013,-1.28936793423616,0.698276995309724,7.25697349057099,4.25,17.66,476
2013,-2.43718275125332,1.43047386849647,7.81216118976496,6.1,16.95,477
2013,-0.70752216633044,0.575811951620041,7.14813127905561,3.72,17.81,478
2013,-2.53730753185596,1.5941924034296,8.00832516495681,6.43,17.08,479
2013,-2.33956483930196,1.19902111830779,8.3058488149295,6.15,18.56,480
2013,-2.50414180862855,1.43539972960859,8.33126145733638,6.51,18.07,481
2013,-2.24816118261249,1.11515667092752,8.21844230019738,5.93,18.58,482
2013,0.110342269251534,0.442380274870098,9.40929630649795,3.99,23.87,483
2013,-1.85249469316262,0.886423658399407,7.70748463498747,5.08,18.1,484
2013,-1.56842031391,0.81842947541317,6.7240669520677,4.27,15.99,485
2013,-1.91728983899491,0.888864386651494,8.18441959262519,5.4,19.21,486
2013,-2.36727395219122,1.3658499731816,7.55879357148022,5.82,16.53,487
2013,-2.01092474677196,1.0518221533686,6.97252300124218,4.93,15.92,488
2013,-1.24051550869901,0.675356331787509,7.5356869602674,4.33,18.42,489
2013,-2.04298546735067,1.14954323270625,6.46322557687796,4.72,14.54,490
2013,-1.29000728302103,0.676054676790589,7.89630297216315,4.54,19.3,491
2013,-0.968495137961056,0.627129827154889,7.07332429699177,3.89,17.45,492
2013,-0.218291735914213,0.492279361213143,7.97116637125653,3.7,20.12,493
2013,-2.12191412512637,1.05825246199121,7.72943308287847,5.47,17.63,494
2013,-1.07503507330272,0.614313254651695,8.37591572084246,4.54,20.72,495
2013,-2.06939509496693,1.09498660426693,7.02576369815192,5.04,15.94,496
2013,-1.67097409138762,0.767971963877192,8.50048929823573,5.24,20.41,497
2013,-1.20196197582194,0.70758074284019,6.43308521980267,3.79,15.63,498
2013,-2.52951954402916,1.38037940866731,8.8130146156329,6.81,19.24,499
2013,-1.33256300089542,0.723247198114131,6.95010009658442,4.15,16.83,500
2013,-0.867596444535864,0.636830454454787,6.11186272525983,3.39,15.05,501
2013,-1.16108003078593,0.676962797289103,6.91647231913689,3.98,16.9,502
2013,-2.33969546693923,1.29555204205144,7.70032265171356,5.84,16.98,503
2013,-2.38683110172772,1.29990558870246,8.04732044747328,6.11,17.74,504
2013,-2.51279177126243,1.83364580403855,7.23394119896683,6,15.1,505
2013,0.107528249914044,0.458018710510046,7.96669482102941,3.48,20.18,506
2013,-1.97801290312467,1.00686089427154,7.15878012947822,4.98,16.47,507
2013,-1.93456333768115,0.951943085457155,7.44515514573039,5.06,17.28,508
2013,-2.03731829057645,1.05828623405825,7.10215579483388,5.03,16.2,509
2013,-0.97681243750929,0.621690449426724,7.32118882624338,4,18.08,510
2013,-0.953591314521217,0.623089452034585,7.10484843499605,3.89,17.54,511
2013,-0.818093802897473,0.598258701014537,7.03906670998406,3.75,17.46,512
2013,-1.5402966381749,0.821072796309271,6.49631109049889,4.13,15.44,513
2013,-2.28386901758221,1.20441555064114,7.81921185846293,5.79,17.46,514
2013,0.0445542652097767,0.460555213248133,8.26571091432092,3.63,20.94,515
2013,-2.3771705479301,1.35098191735524,7.70455049725912,5.92,16.88,516
2013,-2.19766747036284,1.32086750821607,6.56555279896044,5.01,14.44,517
2013,-1.96328087345329,1.00709196404339,7.05181352345738,4.9,16.22,518
2013,-1.30221458429066,0.688686144166526,7.61507854995847,4.42,18.57,519
2013,-2.53388583260112,1.32227561435519,9.1808002161829,7.01,20.18,520
2013,-1.23738199082757,0.744714751988857,5.90123217442583,3.58,14.23,521
2013,-1.23383588914209,0.717101873652672,6.42747560562107,3.82,15.58,522
2013,-1.31334701010474,0.666920432619009,8.38331991419487,4.78,20.53,523
2013,-1.87727380768483,0.942160807115147,7.14454270266098,4.83,16.61,524
2013,-2.09826351561411,1.10636926222031,7.14149168952645,5.14,16.17,525
2013,-2.05411444279889,1.09133563486992,6.94760587242815,4.98,15.77,526
2013,0.111069155342682,0.43416688756346,10.3383915057772,4.32,26.24,527
2013,-2.31130304833312,1.2208866709068,7.92541841260692,5.9,17.65,528
2013,-1.57225127366806,0.788458790574177,7.2806963829081,4.54,17.41,529
2013,-1.9290299556393,0.939485771939073,7.55778169714863,5.11,17.58,530
2013,1.24906876237814,0.347637820667893,12.6862928192098,4.24,32,531
2013,-2.17420845165883,1.10431786097926,7.72219947885551,5.56,17.49,532
2013,-0.070980786914188,0.45383302095082,9.95105955732335,4.32,25.22,533
2013,-1.38285776599806,0.724227967355963,7.28495935167944,4.35,17.64,534
2013,-1.79818696243064,0.853688452840696,7.80773623213938,5.06,18.44,535
2013,0.0449206883606536,0.437185624327372,10.6613962671234,4.48,27.05,536
2013,-2.20738364847908,1.12649458481213,7.79683237582532,5.65,17.6,537
2013,-2.42171865081052,1.33380651579478,8.14453516568904,6.23,17.88,538
2013,-2.38988012613544,1.33123856791335,7.90254917432275,6.04,17.35,539
2013,-0.797532828101576,0.59531765592197,7.0058182895984,3.72,17.39,540
2013,-2.30011176736904,1.32937300370893,7.23290525276621,5.53,15.89,541
2013,-1.88812637774472,0.938812881752455,7.26308400089996,4.91,16.9,542
2013,-1.97303867127065,0.997575206277833,7.21743607532392,5,16.63,543
2013,0.468242199217564,0.421107011410732,8.49041698593613,3.45,21.56,544
2013,-2.51293189083688,1.72897913105246,7.45472645954157,6.11,15.7,545
2013,-2.08290281525178,1.04530683156299,7.55435690744692,5.33,17.27,546
2013,-2.73323371543484,2.10476422859185,8.51005673724394,7.27,17.42,547
2013,-2.1938710787584,1.12211289032089,7.72730300603477,5.59,17.46,548
2013,-0.419488604372647,0.540950573719982,6.69032420675916,3.33,16.77,549
2013,-1.12328243775327,0.627336645221101,8.24936130938438,4.53,20.35,550
2013,-0.658457154904048,0.555974645062104,7.68883844813602,3.9,19.22,551
2013,-1.97477756953375,0.92791560077298,8.06927348341694,5.43,18.81,552
2013,-1.77668794294113,0.921682480576465,6.691768757507,4.49,15.62,553
2013,-2.68128834872684,1.62157606994178,9.15167996475736,7.38,19.47,554
2013,-1.90611542454637,0.973042334600642,6.99985070023132,4.8,16.19,555
2013,-2.38278727846948,1.39364163979346,7.55154156462352,5.85,16.46,556
2013,-1.30282707491775,0.72795848524782,6.64299588299005,3.98,16.07,557
2013,-2.53512528110122,1.90437665434481,7.2687578558475,6.08,15.09,558
2013,-1.09397483112584,0.650467601448719,7.21332465806772,4.05,17.72,559
2013,-1.14125431079221,0.686602527104052,6.53393747268057,3.79,15.94,560
2013,-1.48473619151255,0.788095949364367,6.67703262561654,4.17,15.97,561
2013,-0.436453059805064,0.530712753046194,7.31351115379802,3.59,18.36,562
2013,-2.41865118044483,1.35142379307008,8.02863224545253,6.17,17.59,563
2013,-2.7553915270383,2.01468406113099,8.84709391662417,7.49,18.22,564
2013,-0.66672632916065,0.571118681550964,7.05658572618049,3.65,17.59,565
2013,-1.52078452332337,0.790625998694221,6.87599351781228,4.3,16.44,566
2013,-2.08286125934147,1.04858282318736,7.52294987445909,5.31,17.19,567
2013,-2.27444320074597,1.34799773219538,6.96546951561272,5.35,15.26,568
2013,-2.05392530942417,1.06204533178959,7.18811419844131,5.1,16.39,569
2013,-2.29839142228232,1.38528671802519,6.97415560469069,5.39,15.21,570
2013,-2.49163031389824,1.63619403384382,7.52979093329885,6.09,16,571
2013,-1.49408141576076,0.752289794737104,7.45517612841451,4.54,17.95,572
2013,-1.35167951182706,0.69324947183085,7.86666737071969,4.59,19.16,573
2013,-1.96822621684202,0.982693689766458,7.34064873064169,5.05,16.95,574
2013,-1.41758902317526,0.784192676295887,6.3088317392434,3.93,15.1,575
2013,-2.33675857969362,1.33058462958157,7.49691996865722,5.73,16.46,576
2013,-0.446542784250688,0.515979810165718,8.24685959196246,3.97,20.75,577
2013,-2.1752123574649,1.06050324801034,8.13022068408406,5.76,18.54,578
2013,-2.07331604677525,1.07261814532436,7.23678840312426,5.15,16.47,579
2013,-2.68508264046874,1.69153317784875,8.96242404054143,7.3,18.94,580
2013,-1.64214113787446,0.808492797668607,7.41651734513084,4.69,17.67,581
2013,-1.84195703965771,0.918742251265923,7.18042561298543,4.81,16.76,582
2013,-2.52575639468574,1.27675490044847,9.40142601171121,7.1,20.79,583
2013,-2.06258433248042,1.1738774961147,6.44028292759706,4.73,14.44,584
2013,-2.10445807134215,1.11074576857402,7.15198692132784,5.16,16.18,585
2013,-0.920506704090013,0.599912401304282,7.72973818304864,4.13,19.17,586
2013,0.0125997694484706,0.460966292069961,8.49832424915988,3.74,21.53,587
2013,-0.983698818844171,0.615910042718891,7.58414580714654,4.12,18.75,588
2013,-2.3198246227801,1.22837268380101,7.94409005230566,5.92,17.68,589
2013,-1.62327576692536,0.878458222931401,6.22598199225387,4.09,14.64,590
2013,-1.041466304791,0.624036827796429,7.72210339973508,4.23,19.07,591
2013,-2.2195776308018,1.23839965737896,7.1283417684269,5.33,15.84,592
2013,-0.58266263726263,0.518314473231329,9.28129010806754,4.48,23.34,593
2013,-0.43868752990939,0.50859737903411,8.67190256504718,4.12,21.84,594
2013,-1.37163274708836,0.718356259765752,7.34593389963808,4.37,17.81,595
2013,-0.7222414671099,0.536471123560654,9.34218261946248,4.62,23.43,596
2013,-2.5263358795751,1.49299087878056,8.27550326001505,6.54,17.84,597
2013,-1.9440412204669,1.041159675011,6.60967246691999,4.65,15.12,598
2013,-2.14444315138749,1.069366505223,7.80025940046136,5.55,17.76,599
2013,-1.63683835696858,0.85712868361216,6.59548334611565,4.28,15.57,600
2013,-1.7213650620487,0.848291776754859,7.31575059573392,4.73,17.3,601
2013,-0.173983877114323,0.47893215582455,8.5972414403395,3.9,21.74,602
2013,-1.04865487138163,0.630038812433942,7.55909545513862,4.17,18.64,603
2013,-1.8628678060741,0.947207946079489,6.98380819271994,4.74,16.22,604
2013,-2.21376576536171,1.17795674021168,7.46331061644348,5.49,16.72,605
2013,-1.87234436233772,1.00251989805037,6.48032755265389,4.5,14.92,606
2013,-1.73998465224418,0.871742625947867,7.09236459407158,4.64,16.7,607
2013,0.343706294751881,0.423004950763457,9.3880303039023,3.83,23.83,608
2013,-2.10607677384105,1.11153609645223,7.15750038117771,5.16,16.19,609
2013,-0.59478728433857,0.561645013503218,6.95967643994794,3.56,17.38,610
2013,-1.06082375972543,0.645867579706285,7.11984302606031,3.98,17.5,611
2013,-1.465035340302,0.706647131327841,8.39636858933644,4.95,20.4,612
2013,-3.32541698637788,8,13.3834805749348,13.1,24.46,613
2013,-1.52143997449901,0.804240625435812,6.64352757308482,4.19,15.84,614
2013,-2.36624661543966,1.33996932376974,7.67437964368215,5.88,16.83,615
2013,-2.18577419530143,1.3252106680814,6.46918951384662,4.94,14.22,616
2013,0.705372508021104,0.383150012874975,11.5215686689368,4.27,29.22,617
2013,-2.26977032865838,1.20847750054195,7.68291012296603,5.7,17.14,618
2013,-2.24025603883362,1.19738134669891,7.53143252372155,5.57,16.83,619
2013,-1.69692483756431,0.817200614574137,7.66880566883438,4.87,18.24,620
2013,-1.08949606641353,0.647158207692211,7.28545691365658,4.08,17.91,621
2013,-1.43239549797997,0.76504811440439,6.75227264874844,4.15,16.22,622
2013,-2.02601782942583,0.990428794983249,7.68915362048388,5.31,17.73,623
2013,-2.0931211481154,1.06690527331849,7.43182811586473,5.28,16.93,624
2013,0.34942726173719,0.420529112718266,9.63232864786652,3.91,24.46,625
2013,-1.9270674744604,0.997418795387782,6.8946972634213,4.77,15.88,626
2013,-2.22455650138526,1.11311846002234,8.04416822033017,5.8,18.2,627
2013,0.036401431881297,0.469731474956568,7.6036487739723,3.4,19.24,628
2013,-1.7147591239054,0.861613308006364,7.06249739164244,4.6,16.66,629
2013,-2.5365114333723,1.63691712649793,7.8733551189319,6.37,16.72,630
2013,-1.64388286921524,0.78364735242912,7.92253601696164,4.93,18.96,631
2013,-2.03782395303349,0.998189706331381,7.69373083642657,5.33,17.72,632
2013,-2.29319190949541,1.20671868187633,7.87683183507432,5.84,17.58,633
2013,-2.44871162997945,1.37789701386822,8.14085019406473,6.29,17.78,634
2013,-2.30452733659676,1.12866922049249,8.57300529829331,6.21,19.35,635
2013,-2.50642470932948,1.63066019676337,7.65756528806414,6.19,16.28,636
2013,0.198064356625999,0.439784586020129,8.8772999778148,3.75,22.52,637
2013,-0.129345360504731,0.446320462937283,11.4429560119528,4.89,29.02,638
2013,-2.49439575877413,1.50813009229477,7.95876475299626,6.3,17.13,639
2013,-2.64021793628321,1.55748866683413,9.01003448583811,7.19,19.29,640
2013,-1.83550484650852,0.936487350905936,6.91785777546092,4.67,16.1,641
2013,-1.74049399535954,0.862843362891021,7.22789939459996,4.71,17.05,642
2013,-2.17122742037209,1.15159911575005,7.33283912874867,5.35,16.49,643
2013,0.872307709884163,0.38363803528239,9.67437087596427,3.59,24.54,644
2013,-1.05133986342195,0.639209441378964,7.26562084854858,4.04,17.89,645
2013,-2.64794495388258,1.77614738813038,8.41263763925067,6.93,17.65,646
2013,-2.1164938742306,1.10198831446548,7.30773646705388,5.25,16.56,647
2013,-1.56185378005141,0.797570004075069,7.0359739229797,4.42,16.8,648
2013,-1.82069511412432,0.893697495954242,7.36193222386023,4.87,17.26,649
2013,-2.43261037454112,1.43303867871368,7.76587305595941,6.07,16.85,650
2013,-0.19782443183145,0.488946893727624,8.0409682192795,3.71,20.31,651
2013,-1.62866058413931,0.864158866050213,6.44536282189627,4.2,15.2,652
2013,-0.844152233671088,0.587259467349983,7.67327758329796,4.04,19.08,653
2013,-1.64364199338856,0.820862413481468,7.20721145365506,4.59,17.13,654
2013,-0.349536942011319,0.504582162048901,8.19421558684247,3.87,20.65,655
2013,-1.61803575730221,0.851139823013906,6.55666689777741,4.24,15.5,656
2013,-1.84431218891513,0.86968785712712,7.90547682394827,5.17,18.62,657
2013,-0.6650302458377,0.568926838434002,7.13844676299006,3.68,17.8,658
2013,-1.18279193987828,0.656137283535527,7.6941026984679,4.35,18.88,659
2013,-1.73835498039715,0.911081306156515,6.56362493748242,4.38,15.34,660
2013,-1.61538270753851,0.78186935104465,7.73698914306739,4.81,18.52,661
2013,-1.08714559380505,0.630412304616,7.84196829756343,4.32,19.34,662
2013,-2.36038479467571,1.29243468633971,7.87867100321131,5.97,17.38,663
2013,-2.06322951907521,1.02459094685493,7.60916014572097,5.32,17.45,664
2013,-2.47327807994675,1.49574465029874,7.83764116238422,6.19,16.89,665
2013,-1.08214390999565,0.615745023197832,8.37562523133999,4.55,20.71,666
2013,-2.56086880090349,1.39364667714368,9.02348245831595,6.99,19.67,667
2013,-2.40762460025461,1.38848459820201,7.76461108898845,6.01,16.93,668
2013,-1.96625417171557,1.00840001042461,7.05992788427674,4.91,16.23,669
2013,-2.789588630195,1.77124241302396,9.70650794942272,8,20.37,670
2013,-1.96882319653369,1.01222274840326,7.04072570654001,4.9,16.18,671
2013,-2.37135684777231,1.33348455203267,7.74614346902628,5.93,17,672
2013,-1.83207375657351,0.853340165261976,8.08292225928286,5.24,19.09,673
2013,-2.23635627322206,1.24534309062225,7.20914923225622,5.4,16.01,674
2013,-0.526063333284273,0.55456127501897,6.79701622346337,3.44,17,675
2013,-1.2916501234543,0.69161360973337,7.45326706912357,4.34,18.16,676
2013,-1.9347512588835,0.957656171924973,7.37844803557263,5.03,17.11,677
2013,-2.47007845882839,1.40665402425124,8.17958133805895,6.36,17.8,678
2013,-2.38702555622101,1.30572743061988,8.0163829587141,6.09,17.66,679
2013,-1.06678129587891,0.594274620611542,9.22253047788363,4.9,22.9,680
2013,-2.40696314226358,1.28753404684876,8.28327173783311,6.27,18.29,681
2013,-1.95901444046614,0.909074365582662,8.21420212624738,5.47,19.21,682
2013,-1.82261941588695,0.87436985360343,7.66227502811692,5.02,18.03,683
2013,-2.33777458387449,1.27946546936757,7.77484449954941,5.87,17.18,684
2013,-2.29479384396905,1.17340639893703,8.12721168169282,5.97,18.22,685
2013,-2.13999399538237,1.08829823096589,7.59667543294871,5.44,17.25,686
2013,-2.04363817554572,1.05263062366641,7.19715845247333,5.09,16.43,687
2013,-2.53379154668471,1.51562377379573,8.25019045396268,6.54,17.74,688
2013,-1.90952388401987,0.967835427927315,7.08032093850546,4.84,16.39,689
2013,-0.20958429877829,0.476721322974147,9.09482397622986,4.11,23,690
2013,-0.370657181730626,0.498733971483616,8.78487105692125,4.12,22.16,691
2013,-0.757731204802283,0.590127867996165,6.92646738282683,3.66,17.21,692
2013,-0.586170847612197,0.575391043362471,6.34698032123329,3.3,15.81,693
2013,-0.900610223615249,0.593823057912443,7.82979639907938,4.16,19.44,694
2013,-3.28832591304325,8,12.8961662875565,12.62,23.57,695
2013,-1.92871546007152,0.954174847674907,7.37509726029894,5.02,17.11,696
2013,-1.55583710438833,0.809346124590558,6.78889908283435,4.29,16.17,697
2013,-1.97445276733927,1.01814648498482,7.02337351881082,4.9,16.12,698
2013,-2.40131745649774,1.4146084512878,7.6022847685253,5.92,16.53,699
2013,-1.25071111337672,0.682785198675147,7.39635590750909,4.28,18.05,700
2013,-1.64979852111319,0.878554148151394,6.39209415656155,4.2,15.03,701
2013,-1.2096499870964,0.693764987412888,6.81214311930301,3.97,16.59,702
2013,-0.325444845767705,0.523278735569358,6.91207312205321,3.36,17.37,703
2013,-1.64271551077159,0.817238086343681,7.26349439172027,4.61,17.27,704
2013,-2.60959448883142,1.36514013603539,9.63560576267103,7.42,21.07,705
2013,1.21994439809962,0.357620011694789,10.7426702204631,3.7,27.15,706
2013,-1.51205139699593,0.761553487147868,7.38613088744383,4.53,17.75,707
2013,-1.68456420754296,0.806915706838359,7.76836750367737,4.9,18.51,708
2013,-2.14823094167607,1.14516796415007,7.21151631688381,5.25,16.24,709
2013,-1.8356594274145,0.899258788375153,7.39445255096198,4.91,17.32,710
2013,-2.11346904341292,1.02315905269392,8.01652966877703,5.61,18.39,711
2013,-2.49342642791145,1.2953567884206,8.98117786224585,6.81,19.81,712
2013,-2.4816409838733,1.45848762203391,8.04891696149476,6.32,17.41,713
2013,-1.42267265768214,0.708413717016857,7.99850926417421,4.72,19.43,714
2013,-1.84857722971343,0.89580683450257,7.53968418324811,4.99,17.67,715
2013,-0.534535112000234,0.516114309048103,8.99604599403874,4.33,22.63,716
2013,-1.27717488149025,0.697300481289338,7.19444782156618,4.21,17.51,717
2013,-0.827279106174883,0.575414360192486,8.07643000295523,4.2,20.12,718
2013,-2.19336455908078,1.1585082729916,7.44709022315607,5.45,16.73,719
2013,-0.935922695056118,0.604484522672526,7.66326388524826,4.11,18.99,720
2013,-2.00350804607141,1.03812149140134,7.04204311680362,4.95,16.11,721
2013,-0.521621500006318,0.540213693040843,7.44744677229119,3.7,18.67,722
2013,-2.47372538465265,1.57576710345094,7.57064548241552,6.06,16.18,723
2013,-0.887378441292817,0.592464052318046,7.78447173637578,4.13,19.33,724
2013,-1.04379008236766,0.630319130082157,7.51252237806226,4.14,18.53,725
2013,-2.12143071105283,1.25040671527611,6.40105358423614,4.8,14.2,726
2013,-1.85908181633215,0.928878925505216,7.1756947627571,4.83,16.72,727
2013,-2.40157784431655,1.33096912838146,7.99694470540271,6.11,17.56,728
2013,0.157180508485309,0.455882316818093,7.75161214160409,3.38,19.64,729
2013,-2.17496149595843,1.18012571234156,7.16503342234398,5.27,16.05,730
2013,-0.757873052315865,0.598699724003382,6.61208088368027,3.53,16.4,731
2013,-1.70837159246149,0.849914909018578,7.19571595961008,4.65,17.01,732
2013,0.464212603456997,0.426552613353261,7.96211081607435,3.27,20.21,733
2013,-0.129214228390087,0.501041460293254,6.76858270885415,3.18,17.07,734
2013,2.58251095800146,0.276890318690021,22.0264533649547,5.54,53.69,735
2013,-0.727281229067421,0.547950582216922,8.68050539441125,4.36,21.73,736
2013,-0.579897209790544,0.551473727098624,7.31858047118398,3.69,18.31,737
2013,-2.48212787204163,1.2679344097212,9.05916538325183,6.82,20.05,738
2013,-0.573984164372224,0.537542683736752,7.99469654866994,3.96,20.05,739
2013,-1.91038869326324,0.984746137684541,6.90702819430791,4.76,15.94,740
2013,-2.4261253145827,1.24977440977847,8.68545368648294,6.51,19.27,741
2013,-2.57943049313371,1.47643525464993,8.79672622630666,6.93,18.99,742
2013,-2.27454186439849,1.21397458587397,7.68370636432316,5.71,17.13,743
2013,-2.06386589498647,1.12059962990825,6.79603253421296,4.91,15.36,744
2013,-1.56306508939033,0.751873100481264,7.99758327245842,4.87,19.26,745
2013,0.206041745072991,0.430705065680373,9.79836312192466,4.06,24.87,746
2013,-2.62624254264436,1.61730043963803,8.67548581490715,6.99,18.46,747
2013,-2.59527076495695,1.47393595850248,8.94815589222068,7.04,19.33,748
2013,-1.42264382493855,0.741026751579042,7.18370792506414,4.34,17.34,749
2013,-0.724962527699901,0.559316293374328,8.0443437126059,4.1,20.1,750
2013,-1.40621011919757,0.712586144722515,7.75507889710199,4.59,18.82,751
2013,-1.82734041108905,0.941782653258686,6.80083681960808,4.6,15.81,752
2013,-2.34316182616057,1.22077973561031,8.18270480491597,6.09,18.23,753
2013,-1.00222205386853,0.610532186051383,7.93763218678577,4.29,19.65,754
2013,-0.186182884400911,0.486142471944057,8.14864735570989,3.74,20.58,755
2013,-2.09302918964062,1.13025591631716,6.92744501822607,5.02,15.63,756
2013,-2.036081754884,1.02674421136625,7.38419010486832,5.17,16.93,757
2013,-2.15271167058485,1.11802633163997,7.44760213060019,5.38,16.83,758
2013,-1.99724214052234,1.13605195773377,6.25765264733067,4.55,14.11,759
2013,-2.30406933396258,1.23683692129905,7.76651333643015,5.81,17.26,760
2013,-2.1018394759968,1.10609728250203,7.16919230974736,5.16,16.23,761
2013,-2.12290944609029,1.06308347409204,7.69181469213279,5.46,17.53,762
2013,-2.03980479016199,1.0808234837111,6.9315468341739,4.95,15.76,763
2013,-2.21673694940647,1.27833583084508,6.89421140227378,5.21,15.24,764
2013,-1.77670165383082,0.871295255591376,7.36434480809817,4.82,17.34,765
2013,-1.06123659604728,0.651286430791295,6.95631733500965,3.91,17.08,766
2013,-2.34852809359213,1.45748800479301,7.04932694561403,5.53,15.25,767
2013,-1.80277129743609,0.901947825458337,7.11922301003604,4.73,16.67,768
2013,-2.56295466711357,1.68268631892171,7.95556728617769,6.48,16.83,769
2013,-0.329675451228663,0.502743518908526,8.15523061029645,3.84,20.56,770
2013,-2.20614299894524,1.0882184797315,8.11691557229834,5.81,18.43,771
2013,-1.46865695920279,0.737336749280746,7.60932159244561,4.59,18.38,772
2013,-1.71966481536719,0.90184223444652,6.55278011403077,4.35,15.34,773
2013,-2.43028177402654,1.42438190351787,7.78394627045542,6.07,16.9,774
2013,-2.04640089368753,0.985506638953258,7.90444878702746,5.45,18.24,775
2013,0.0924027552801865,0.474438339520323,6.87096980493997,3.09,17.38,776
2013,-1.16934254900967,0.688307604298757,6.67706187741554,3.88,16.28,777
2013,-2.37066863823933,1.35839346782481,7.61931608866026,5.86,16.68,778
2013,-2.11542730555412,1.15303178950908,6.92521640104166,5.06,15.57,779
2013,-2.52793286325486,1.61101692484922,7.8819833934624,6.35,16.78,780
2013,0.902287047198536,0.380169350421062,9.92945646716253,3.65,25.18,781
2013,-1.26886810469026,0.683611200061965,7.50811842388934,4.34,18.32,782
2013,-1.78868651069994,0.89898312873836,7.05880933688513,4.68,16.54,783
2013,-2.15547677693657,1.17612608489456,7.05256080809695,5.19,15.81,784
2013,-2.11837016265693,1.12588623630644,7.13729318875777,5.17,16.11,785
2013,-1.79032868535237,0.9534878844629,6.42904358258249,4.37,14.92,786
2013,-2.21166862154539,1.11777565409767,7.90198273430817,5.71,17.86,787
2013,-1.63946992296498,0.810264723390604,7.3643396058362,4.66,17.54,788
2013,-2.48396659028209,1.48524941625834,7.96162445783269,6.28,17.17,789
2013,-2.26869019686445,1.19485649318226,7.76586716658048,5.74,17.36,790
2013,-1.93818642424353,0.872034805268592,8.6419141580755,5.66,20.35,791
2013,0.366122619717554,0.410454046603052,10.8160174285164,4.29,27.46,792
2013,-2.19257099868892,1.21344280428596,7.08216894307447,5.26,15.79,793
2013,-0.677644210360086,0.566195433812505,7.35054979371069,3.78,18.34,794
2013,-2.28375677056566,1.22668946089795,7.67323577621284,5.72,17.08,795
2013,-1.47563141903323,0.78927269658684,6.59592721375676,4.12,15.77,796
2013,-1.27066340081271,0.706025095529008,6.92829185296679,4.08,16.83,797
2013,-2.00663196533833,0.967206935607224,7.80998726129829,5.34,18.08,798
2013,-2.09225283936894,1.20037745114541,6.47834936847453,4.8,14.47,799
2013,1.10594771853632,0.342835528884869,16.1602246593653,5.32,40.72,800
2013,-1.28830019597885,0.667359090923673,8.16139306062727,4.66,19.98,801
2013,-2.04984258690548,1.0459202757181,7.30302953032053,5.15,16.69,802
2013,-2.00237541828492,1.01961532281814,7.20790197460385,5.03,16.54,803
2013,-1.59645538351945,0.841278816622563,6.55786337073704,4.22,15.53,804
2013,0.264623275822774,0.405735562081741,12.7737388800803,5.01,32.43,805
2013,1.06835807912333,0.365557907159253,10.7999196643759,3.81,27.34,806
2013,-1.25229884790532,0.71234809517051,6.6542450525284,3.94,16.15,807
2013,-2.07553647869053,1.17952742059098,6.4904603718794,4.78,14.54,808
2013,0.605141571413538,0.380137818774632,13.3720404405812,4.92,33.91,809
2013,-1.49947274422421,0.755185359210462,7.43116250996568,4.54,17.88,810
2013,-2.25949237875637,1.26361257214291,7.27463727028102,5.47,16.11,811
2013,-1.97142122721947,0.939980619424431,7.87851202990372,5.33,18.33,812
2013,-1.59293320324579,0.822217944937633,6.82875903007329,4.35,16.23,813
2013,-0.338309736136538,0.509328423908358,7.79796605081309,3.71,19.64,814
2013,-2.4507977822464,1.40135365385615,8.04742471429202,6.25,17.52,815
2013,-2.16176796638618,1.14011067644556,7.34667962647526,5.34,16.55,816
2013,-0.767687363592889,0.59109295045303,6.95858102681767,3.68,17.29,817
2013,-2.2528593325444,1.20915227994995,7.54972609351674,5.6,16.84,818
2013,-1.86112834101164,0.859183597498511,8.21780152123431,5.34,19.39,819
2013,-2.1725513903099,1.07899144558213,7.93237379183613,5.66,18.04,820
2013,-2.18225414877544,1.21028725521661,7.02825919892873,5.22,15.68,821
2013,-0.0995059557333606,0.476495838500136,8.16411128273645,3.69,20.65,822
2013,-1.56299814324336,0.743130921709987,8.21245749928026,4.97,19.81,823
2013,-2.46532072274702,1.4479503572442,7.96149393236908,6.24,17.24,824
2013,-1.95791941709212,0.944143786491821,7.71911978804429,5.23,17.94,825
2013,-1.93849476427447,1.02644364987292,6.70030488027922,4.69,15.36,826
2013,-2.36378267767537,1.43235297274751,7.25199704997062,5.66,15.74,827
2013,-1.94134605650288,1.00035480434573,6.96460911347898,4.83,16.04,828
2013,-2.36291147530015,1.3734803963245,7.49123395363851,5.78,16.37,829
2013,-1.28759431737541,0.68402471386848,7.63797882615719,4.42,18.64,830
2013,-1.98307680915288,0.965566912940999,7.64768476956944,5.23,17.71,831
2013,-2.09427035977139,1.03739377466474,7.71833532461255,5.43,17.66,832
2013,-2.04736128222485,1.10914261772855,6.76673548780166,4.88,15.32,833
2013,-1.8137450432639,0.898653927048521,7.24242113353431,4.8,16.97,834
2013,-2.65690102080617,1.53417885036655,9.25393372322376,7.36,19.86,835
2013,-2.70969558287837,1.75436144897519,9.00583127132257,7.4,18.93,836
2013,-2.59297294315694,1.66322856316762,8.2528608607212,6.7,17.49,837
2013,0.801328792797682,0.371337314499714,12.7406626933162,4.57,32.27,838
2013,-2.28984696858507,1.11448615154023,8.57438800418425,6.19,19.39,839
2013,-2.25575890139374,1.24616872955143,7.34562144506692,5.5,16.31,840
2013,-2.78339269113376,1.89043468753396,9.34793118575909,7.81,19.43,841
2013,-2.49620272476237,1.70812618126595,7.37967886375702,6.03,15.57,842
2013,-1.33437338786343,0.713646746899335,7.19131338918443,4.26,17.45,843
2013,-1.23417718183947,0.680714878085533,7.33322586513052,4.23,17.91,844
2013,-2.60116402366859,1.5639488542418,8.64154444884613,6.91,18.49,845
2013,-2.17887922364364,1.15969453042188,7.33166451858479,5.36,16.47,846
2013,-1.6782113883473,0.811967283607767,7.62320593871539,4.83,18.15,847
2013,-2.19985222249986,1.13029492969505,7.70811841604034,5.59,17.39,848
2013,-0.824679073147362,0.573025371723195,8.17031935991262,4.23,20.36,849
2013,-1.87634260803078,0.971710470545624,6.80839968869779,4.67,15.75,850
2013,-2.19603089437966,1.039157449828,8.52573159890652,6,19.51,851
2013,-0.0250390561568572,0.438776197640143,11.2254624050087,4.73,28.48,852
2013,-0.67991081772197,0.564054590962641,7.46514787466355,3.83,18.64,853
2013,-2.11717631617256,1.1260207837237,7.12778437851226,5.16,16.09,854
2013,-2.05902381313301,1.07150594006325,7.14347559476339,5.08,16.26,855
2013,-0.861396332169281,0.607864743448591,6.9895806181978,3.77,17.31,856
2013,-1.90778013604385,1.01506234874901,6.59802945305508,4.6,15.16,857
2013,-2.01097237596573,1.04193396514591,7.06022443431122,4.97,16.15,858
2013,-2.33399299965178,1.27430204634339,7.77493659223785,5.87,17.2,859
2013,-2.76250299964742,1.79816606676531,9.37519685625404,7.75,19.63,860
2013,-0.14269220672513,0.470768644274566,9.00373443404404,4.03,22.78,861
2013,-2.38126996508609,1.23418520038571,8.40775619324222,6.28,18.69,862
2013,-2.60428515734666,1.68132075991662,8.29508573064099,6.75,17.55,863
2013,-2.20576633243754,1.2808374280151,6.80654293193026,5.14,15.04,864
2013,-2.36623743606151,1.47397776089649,7.11634005266926,5.6,15.37,865
2013,-0.0634981698121023,0.464330100088174,8.86340661236601,3.92,22.44,866
2013,-2.64507827785732,1.64006560858292,8.76621445749899,7.09,18.62,867
2013,-1.77863150173878,0.916585141172251,6.76582629768119,4.53,15.8,868
2013,-2.07338235301504,1.06642339293664,7.2907776589085,5.18,16.61,869
2013,-0.695381759810667,0.545879822406437,8.52529484650655,4.27,21.35,870
2013,-1.0776105048189,0.607517312248961,8.69215811955818,4.68,21.53,871
2013,-2.12262978556807,1.17349354525208,6.84126849806917,5.03,15.34,872
2013,-2.49904513499002,1.77741153035846,7.24616003403248,5.97,15.2,873
2013,-2.40447786434675,1.55780657667743,7.11684868955331,5.68,15.24,874
2013,0.631146614117879,0.380334746316372,12.9869841792847,4.78,32.93,875
2013,0.551346522345211,0.403327774460374,9.9192701760379,3.87,25.18,876
2013,3.16508932409255,0.239206354523001,58.7444757886676,11.86,137.29,877
2013,-2.65894882814021,1.44804484739871,9.66195352098934,7.57,20.93,878
2013,-2.52438810392228,1.62565761512432,7.8108356330956,6.3,16.61,879
2013,-1.73311289521597,0.818511795170104,7.92631047406072,5.04,18.85,880
2013,-0.934472763404196,0.594731820627537,8.05954317795697,4.28,20.01,881
2013,-2.38545799684448,1.29931834275353,8.03958126527917,6.1,17.72,882
2013,-0.763686708390151,0.566561584631588,7.9930455746323,4.11,19.94,883
2013,-2.4707290928464,1.37909094862044,8.31617753226728,6.42,18.16,884
2013,-2.48806990897042,1.54702146570513,7.77287489373915,6.2,16.66,885
2013,-2.47513296938275,1.36751343181854,8.41115059402105,6.48,18.39,886
2013,-2.16693985627409,1.30215493883377,6.44870058290803,4.9,14.21,887
2013,-2.31925577530972,1.22473756264091,7.96328692759683,5.93,17.73,888
2013,-0.20615834931116,0.482901255788915,8.56001319598048,3.91,21.63,889
2013,-2.18991807363614,1.17790963309764,7.28774787813396,5.36,16.33,890
2013,-1.30571011546451,0.68627843659271,7.71132790704326,4.47,18.81,891
2013,-1.04662273213575,0.661398662964996,6.56801649441289,3.73,16.1,892
2013,-1.77074698161294,0.867510768345599,7.37782617060268,4.82,17.38,893
2013,-2.48229354618146,1.43032449108842,8.17329771902985,6.38,17.74,894
2013,-1.47009207090242,0.75377363873016,7.24631084348631,4.42,17.44,895
2013,-1.8821036421283,0.971662080533923,6.84824510243601,4.69,15.84,896
2013,-2.35502450416656,1.31983059024322,7.68974978332849,5.86,16.91,897
2013,-0.222644594678404,0.520435701799281,6.37156199921829,3.08,16.02,898
2013,-2.02097725217897,0.967050168545582,7.924762346601,5.42,18.35,899
2013,-0.569582209375096,0.540361965248124,7.80534855691664,3.88,19.56,900
2013,-2.94679440456748,2.26377991612869,10.2796478646012,8.9,20.83,901
2013,-2.24888599678975,1.28757020495567,7.07194056264339,5.35,15.61,902
2013,-2.57901783931954,1.68294673955676,8.08368141514565,6.58,17.1,903
2013,-2.32920258808593,1.31703210130215,7.5078433652313,5.72,16.52,904
2013,-1.85501180471694,0.862564837659744,8.1096181573775,5.28,19.13,905
2013,-2.18197793744155,1.14647842786134,7.4493893938387,5.43,16.77,906
2013,-2.11835795360277,1.13249449719994,7.08891183156531,5.15,15.99,907
2013,0.543411742900308,0.404952067496838,9.77229664764057,3.82,24.81,908
2013,-2.1551403919494,1.06542903154853,7.92134797390204,5.62,18.05,909
2013,-1.50077317570741,0.797671105791112,6.61735294987408,4.15,15.8,910
2013,-1.94256326624797,0.953068891679298,7.49129244595249,5.09,17.39,911
2013,-1.68969704334967,0.885987556723865,6.55512646886141,4.32,15.39,912
2013,-2.50308577738598,1.41382336826335,8.42034992249554,6.55,18.31,913
2013,-2.35713452001353,1.29860248230353,7.81898812741772,5.93,17.24,914
2013,-2.3631809283705,1.28293662635078,7.95478199491538,6.01,17.57,915
2013,-1.95010629854734,0.961535160541128,7.44663336853716,5.08,17.26,916
2013,-2.14151979826595,1.12710707067202,7.2952306897896,5.29,16.47,917
2013,-0.800361913474989,0.613884271910069,6.3778799094312,3.46,15.78,918
2013,-1.67114094263123,0.842465903316456,7.04765853943203,4.54,16.68,919
2013,-2.22024952045257,1.14904539129338,7.72050824293554,5.63,17.37,920
2013,-1.33306020226941,0.697769386245492,7.59502632411388,4.44,18.48,921
2013,-1.54983527987004,0.810046106498799,6.73659698006108,4.26,16.04,922
2013,-1.10002590276467,0.675292773776946,6.54964442603637,3.76,16.01,923
2013,-2.03636587592066,1.08073700562385,6.90844146924301,4.93,15.7,924
2013,-2.41348335604968,1.29592945364406,8.28779404949134,6.29,18.28,925
2013,-2.65929536187838,1.87463471051084,8.28866323766814,6.91,17.25,926
2013,-1.73337273156988,0.902438131279444,6.63583622622445,4.41,15.54,927
2013,-0.699894327262334,0.55727000479461,7.94791842350743,4.04,19.86,928
2013,-1.57966778866751,0.795709850913405,7.19690153478038,4.51,17.19,929
2013,-2.27650585334177,1.29458038555521,7.23376146828552,5.48,15.96,930
2013,-2.4250799952686,1.27416995783654,8.517219152129,6.43,18.84,931
2013,-2.05670248462726,1.02894335853875,7.51614697736195,5.27,17.23,932
2013,-0.146438913905679,0.483443849621728,8.02408743442645,3.67,20.28,933
2013,-2.02557661649281,1.00036159246192,7.57658368597889,5.25,17.44,934
2013,-2.12332289688671,1.09205379362333,7.43945348408306,5.33,16.88,935
2013,-1.8704923072634,0.928498181610963,7.26282475582918,4.88,16.93,936
2013,-1.69601797932751,0.868783658588227,6.82861712235336,4.46,16.09,937
2013,-1.49614296345655,0.772179773469391,7.05291606174162,4.36,16.92,938
2013,-2.50650442471915,1.32661787651918,8.90710675815813,6.8,19.57,939
2013,-2.34678558330754,1.41631503396379,7.19204356866816,5.6,15.63,940
2013,-2.35986884535326,1.30407129333375,7.81055932666698,5.94,17.21,941
2013,-0.118420899338713,0.47485049353467,8.45039249981246,3.81,21.37,942
2013,-0.486104110334174,0.540274260936904,7.18457231063063,3.57,18.01,943
2013,-2.22890017005371,1.14720485183736,7.80167642204835,5.69,17.56,944
2013,-2.44738343585713,1.35785252061561,8.2295919041061,6.33,18.01,945
2013,-1.50967179482396,0.727137350711134,8.19138817143168,4.9,19.82,946
2013,-2.27447797271929,1.30928612029456,7.1455574882267,5.44,15.73,947
2013,-2.57533639362471,1.75749090302214,7.86624966812599,6.47,16.53,948
2013,-1.52816469883886,0.772380387672759,7.27833409619265,4.5,17.46,949
2013,-2.5034565152545,1.46000188402334,8.22013117960154,6.45,17.78,950
2013,-1.32677339737568,0.727618506698924,6.81152636035154,4.08,16.48,951
2013,-1.00744250498449,0.640164085637286,6.92364616519283,3.85,17.04,952
2013,-0.710169169588525,0.577805093057126,7.08385254857561,3.69,17.64,953
2013,-1.82324996610282,0.955023296251698,6.62783585518702,4.51,15.38,954
2013,-0.610494708319506,0.538637658522843,8.22895496577912,4.08,20.63,955
2013,-0.868713772637311,0.585242113348172,7.95385495374809,4.18,19.78,956
2013,-2.19052592590468,1.17533164747182,7.30947537411234,5.37,16.39,957
2013,-1.99463252526441,0.965798818268277,7.73377206899669,5.29,17.91,958
2013,-1.44802526987053,0.748166860270424,7.20857132552562,4.38,17.37,959
2013,-1.78640511735785,0.897626702266279,7.06078396200455,4.68,16.55,960
2013,-2.28975110163711,1.20515986887139,7.86029818133013,5.83,17.55,961
2013,-0.733209243841994,0.593109752517921,6.64874447011249,3.53,16.51,962
2013,-2.05403776633493,1.07092638215923,7.11282598185401,5.06,16.19,963
2013,-2.38964646428858,1.48421109391594,7.24863880285433,5.72,15.64,964
2013,-1.11927992029003,0.653814461843014,7.29238247181127,4.11,17.9,965
2013,-2.38987522618102,1.2953836795588,8.09754434026748,6.14,17.86,966
2013,-2.284029310611,1.28453121712015,7.34094287793582,5.55,16.21,967
2013,-2.01006696642689,1.126428275505,6.40109737028684,4.64,14.45,968
2013,-1.10887935504293,0.691876654944303,6.20221715478412,3.61,15.11,969
2013,-1.87228982710202,0.886359308287783,7.86256465270272,5.18,18.46,970
2013,-1.06381050229828,0.669173478449643,6.47264311932151,3.7,15.84,971
2013,-0.28875983685005,0.495164635092775,8.3429778236341,3.89,21.05,972
2013,-2.05297013452054,1.11193443525031,6.78440998857707,4.89,15.35,973
2013,-0.878385709006277,0.596658199144907,7.54100803231989,4.01,18.71,974
2013,-1.98654546371362,0.936079742160472,8.05132799130899,5.43,18.74,975
2013,-2.36023192141182,1.32606034032455,7.69788591558947,5.88,16.91,976
2013,-2.42790135554958,1.39409009922332,7.89798354378364,6.12,17.21,977
2013,-1.74383947544747,0.919816544252188,6.49694401278175,4.35,15.17,978
2013,-0.404846749869828,0.491708443763041,9.65379755237195,4.47,24.37,979
2013,-1.96939985348776,0.901828253249724,8.41192691789573,5.59,19.7,980
2013,-0.392539695796459,0.538717156848758,6.61375494427405,3.28,16.58,981
2013,-1.28174996141628,0.7147523026867,6.79694653978014,4.03,16.49,982
2013,-2.18400678288556,1.20435881276214,7.07643648142925,5.24,15.8,983
2013,-1.27136816324318,0.732724086550927,6.339037963442,3.81,15.32,984
2013,-2.25170342321154,1.14898653916319,7.96766743585308,5.81,17.93,985
2013,-0.561965504174862,0.54920123656084,7.29695912950481,3.67,18.26,986
2013,-1.29106480821038,0.703727142893495,7.1287283620078,4.19,17.33,987
2013,-2.21263266010108,1.25468178591507,6.98910860498665,5.25,15.5,988
2013,-1.28026245872569,0.71273632352586,6.83382412833373,4.05,16.58,989
2013,-1.10439222978649,0.674382643520791,6.60197599835174,3.79,16.14,990
2013,-2.14085112073735,1.15603525796466,7.08292713862603,5.18,15.92,991
2013,-2.38934013604366,1.28706309626248,8.14132832620925,6.16,17.98,992
2013,-1.2208225818904,0.687499951023055,7.05117312180882,4.09,17.2,993
2013,0.0446226773681921,0.432578023306429,11.2591006417518,4.68,28.57,994
2013,-2.40031987573395,1.2544437674758,8.43360059376571,6.33,18.7,995
2013,-2.01060694175877,1.02950231267214,7.17221226551908,5.03,16.44,996
2013,-1.54920986627188,0.759873202855148,7.70328060357648,4.72,18.52,997
2013,-1.79188607829038,0.883949078086701,7.28952984598727,4.8,17.12,998
2013,-2.15474432594943,1.08014813450537,7.78192641095219,5.55,17.69,999
2013,-2.37678748753316,1.30946164957176,7.91436952155175,6.02,17.43,1000
