"season","k","theta","mdd","med","dist90","iteration"
"SWM",-2.69391153753737,1.81076597758424,8.72343722150096,7.22,18.25,1
"SWM",-2.81612981347806,2.10217384380884,9.2497292178786,7.9,18.93,2
"SWM",-2.66930462884099,1.81389568434144,8.50417543575701,7.04,17.78,3
"SWM",-2.75639536443303,2.1595747903676,8.63032088949437,7.41,17.6,4
"SWM",-2.68855989595966,1.84770354090637,8.59266243925012,7.14,17.92,5
"SWM",-2.76701472474413,2.22724141583069,8.63281712341459,7.45,17.53,6
"SWM",-2.86469831806767,2.34086523325963,9.37408434524713,8.16,18.91,7
"SWM",-2.69594747180502,1.89648212540795,8.55288451059304,7.15,17.77,8
"SWM",-2.498149620269,1.43339143131807,8.2903334464802,6.48,17.99,9
"SWM",-2.50464692561526,1.46873650764528,8.19395208352796,6.44,17.71,10
"SWM",-2.70940518903224,2.09032146748391,8.33070723007572,7.1,17.07,11
"SWM",-2.79741237818395,2.21417901047953,8.91635172873495,7.69,18.12,12
"SWM",-2.74835093377883,2.03294550999287,8.75376874905142,7.42,18,13
"SWM",-2.58427798479066,1.64631212091849,8.23052406455797,6.66,17.47,14
"SWM",-2.72731142134017,1.97172563895967,8.67798769465863,7.31,17.93,15
"SWM",-2.7635144803911,1.93498986135431,9.0699896309804,7.62,18.79,16
"SWM",-2.71023058770301,1.82842233307762,8.82508104206445,7.32,18.43,17
"SWM",-2.68870920966472,1.79947708192653,8.70510949041684,7.2,18.23,18
"SWM",-2.79033369628128,2.19432833734823,8.87991043081836,7.64,18.07,19
"SWM",-2.62084278231008,1.65230605019583,8.51878466041112,6.9,18.07,20
"SWM",-2.68338661053612,2.04221359117979,8.18864086321925,6.95,16.83,21
"SWM",-2.7647149026608,2.08150180932657,8.81829366632189,7.51,18.08,22
"SWM",-2.82098320702581,2.19926844291298,9.14942241898043,7.88,18.61,23
"SWM",-2.57043575678561,1.66057352196777,8.07643358668552,6.55,17.12,24
"SWM",-2.63470241931606,1.69819067894642,8.50337433476701,6.94,17.96,25
"SWM",-2.84889374395638,2.26953075258485,9.31357424522036,8.06,18.87,26
"SWM",-2.61971729340392,1.68346895745964,8.41798922574399,6.85,17.8,27
"SWM",-2.767185360891,1.99956375680154,8.97918109240517,7.59,18.51,28
"SWM",-2.71455071148771,1.85618844360079,8.79989448773019,7.32,18.34,29
"SWM",-2.77997750149779,2.09781743316011,8.92808413126918,7.62,18.28,30
"SWM",-2.81648481975993,2.00852252823017,9.41596872345051,7.97,19.4,31
"SWM",-2.76118107889808,2.00132701128762,8.9222486103882,7.54,18.39,32
"SWM",-2.6593803098001,1.87464080174506,8.28935497612327,6.91,17.25,33
"SWM",-2.59333555627933,1.60781460112406,8.42505136840373,6.78,17.95,34
"SWM",-2.70489992600125,2.04598807874546,8.36073655488691,7.1,17.18,35
"SWM",-2.87318874776034,2.36479817345101,9.4263207667757,8.22,18.99,36
"SWM",-2.75449964470709,2.03303006873938,8.80761558215756,7.47,18.11,37
"SWM",-2.48416387290351,1.47623461290158,7.99815864633301,6.3,17.27,38
"SWM",-2.85723924862953,2.09436751173295,9.65106975236789,8.23,19.77,39
"SWM",-2.79092887818862,2.05447824598805,9.09734277117489,7.73,18.68,40
"SWM",-2.8085143653966,2.13382424307488,9.13031164192078,7.82,18.65,41
"SWM",-2.62939063083643,1.66296697727873,8.55973135560912,6.95,18.14,42
"SWM",-2.70010288697421,1.7712939456153,8.87551075773167,7.31,18.63,43
"SWM",-3.26785018254249,8,12.6347928994777,12.37,23.09,44
"SWM",-2.7537432398959,2.00405507373418,8.85126679306368,7.49,18.24,45
"SWM",-2.6804448856061,1.72455754048384,8.82636794831485,7.23,18.6,46
"SWM",-2.67723920674617,1.611192942061,9.15059275283656,7.37,19.49,47
"SWM",-2.8551729678264,2.14884416492921,9.54283245652191,8.18,19.48,48
"SWM",-2.65103442376618,1.79643596238788,8.39033172528164,6.93,17.57,49
"SWM",-2.79673623954566,2.09344391653493,9.08594114825484,7.75,18.61,50
"SWM",-2.69255647155175,1.84026171527088,8.64363952922322,7.18,18.04,51
"SWM",-2.66591271611551,1.89015396513096,8.31234963222532,6.95,17.28,52
"SWM",-2.79355095408223,2.04712798392775,9.133806306529,7.76,18.77,53
"SWM",-2.67342716006772,1.8346922584253,8.49217649277304,7.05,17.73,54
"SWM",-2.66763949652741,1.77739796099116,8.57687765887519,7.07,17.99,55
"SWM",-2.80464885479311,2.10426266791759,9.14082516501174,7.8,18.71,56
"SWM",-2.87353679768769,2.30353870526222,9.50250691319515,8.25,19.21,57
"SWM",-2.68480337052355,1.78859270051627,8.69759931903901,7.18,18.23,58
"SWM",-2.71524988621505,1.94235385957202,8.62850177305531,7.25,17.86,59
"SWM",-2.73418517595174,2.1407624702226,8.46655701259893,7.25,17.29,60
"SWM",-2.91468645893449,2.47805996528833,9.70184749721078,8.53,19.43,61
"SWM",-2.85421139295987,2.23288393935744,9.41166289021426,8.13,19.11,62
"SWM",-2.63343338000109,1.79299923124169,8.25186030028,6.82,17.29,63
"SWM",-2.68260098393294,2.02602340119518,8.20770983687635,6.96,16.89,64
"SWM",-2.70506115597517,1.93814353512577,8.54900619988755,7.18,17.7,65
"SWM",-2.84793813255658,2.13420487804125,9.49685213434306,8.13,19.4,66
"SWM",-2.73045502848008,2.08189223811457,8.5207006286224,7.26,17.47,67
"SWM",-2.79160814012649,2.03712367987581,9.13341469941572,7.75,18.78,68
"SWM",-2.69243942995149,1.8483482369372,8.62463840984965,7.17,17.99,69
"SWM",-2.62691587084737,1.64580306183601,8.59061587434217,6.96,18.23,70
"SWM",-2.73284181635503,2.10035379546841,8.51324467461425,7.27,17.43,71
"SWM",-2.87694081060792,2.3104588182052,9.52630903535984,8.27,19.25,72
"SWM",-2.72619303932862,2.06858653912781,8.50490438307142,7.24,17.45,73
"SWM",-2.71631284407503,2.01834284232828,8.50188955346747,7.2,17.5,74
"SWM",-2.56587409300771,1.58307028513622,8.27693624010139,6.64,17.67,75
"SWM",-2.60313587510632,1.7405525468221,8.12936117160598,6.67,17.11,76
"SWM",-2.60322044152467,1.70470943637898,8.22232940121876,6.71,17.36,77
"SWM",-2.64377489224709,1.81941499438075,8.27749598242832,6.86,17.3,78
"SWM",-2.82317028366446,2.19057744114174,9.18159726799398,7.9,18.69,79
"SWM",-2.63543933533486,1.73262900166744,8.41673813635902,6.9,17.72,80
"SWM",-2.71465579671488,1.92681414464075,8.65338300360792,7.26,17.94,81
"SWM",-2.53616297757417,1.5501743671251,8.14483480187506,6.5,17.45,82
"SWM",-2.65325882693493,1.93640195673549,8.12057023191907,6.82,16.82,83
"SWM",-2.80428943083825,2.10535100963541,9.13581794058545,7.8,18.7,84
"SWM",-2.81873496599244,2.32424299000907,8.97173635438681,7.8,18.12,85
"SWM",-2.64800692830855,1.72711597658777,8.5378099087603,6.99,17.99,86
"SWM",-2.56299178194609,1.51366948323895,8.50221953946406,6.74,18.28,87
"SWM",-2.71246972475384,2.03535445140574,8.44133243988945,7.16,17.36,88
"SWM",-2.77284642802541,2.00568779866801,9.01902227677102,7.63,18.59,89
"SWM",-2.63264481888916,1.65218629983674,8.62028608439195,6.99,18.29,90
"SWM",-2.72587901433567,1.86695165899101,8.87616982597326,7.4,18.48,91
"SWM",-2.89990193480551,2.74291344312896,9.33852943124646,8.34,18.47,92
"SWM",-2.65696179552103,1.85747844812665,8.30472826072332,6.91,17.31,93
"SWM",-2.80063266626166,2.01375758311021,9.25823666393775,7.84,19.07,94
"SWM",-2.62118657322042,1.70935621021742,8.358821822488,6.83,17.64,95
"SWM",-2.59648709817769,1.71094007410787,8.15073978672982,6.66,17.2,96
"SWM",-2.65039916132777,1.75865557428342,8.47650889416924,6.97,17.81,97
"SWM",-2.70618523070369,1.72901501876831,9.04389926879914,7.41,19.05,98
"SWM",-2.81647355452665,1.90293065039197,9.63375270271738,8.06,20,99
"SWM",-2.7037038249755,1.90510173115136,8.60199537618378,7.2,17.86,100
"SWM",-2.83123663164801,2.03951951082407,9.49827828871318,8.06,19.53,101
"SWM",-2.64510045577995,1.74143865610094,8.47547288256175,6.95,17.83,102
"SWM",-2.69739664539585,1.85655482244937,8.64942691645965,7.2,18.03,103
"SWM",-2.73762634437393,1.95012976537902,8.80870319608585,7.41,18.23,104
"SWM",-2.6849113491307,1.88647160322534,8.47928118483194,7.08,17.63,105
"SWM",-2.66417025374411,1.89873146960461,8.2809590089677,6.93,17.2,106
"SWM",-2.66405281232433,1.64574293967856,8.91583561455603,7.22,18.92,107
"SWM",-2.7996554357791,2.184292616316,8.97688971272161,7.72,18.28,108
"SWM",-2.64819321949165,1.77900039444152,8.40783399785991,6.93,17.63,109
"SWM",-2.80958382928644,2.00401898114589,9.35965495472852,7.92,19.29,110
"SWM",-2.76786040410603,2.03962907737187,8.91480550881557,7.57,18.33,111
"SWM",-2.53801994470269,1.46556449307374,8.48543816568795,6.67,18.34,112
"SWM",-2.64634086791944,1.71665630895366,8.55174773696347,6.99,18.03,113
"SWM",-2.6601197465225,1.78927778640847,8.48390043841255,7,17.78,114
"SWM",-2.67143812152992,1.79104586395237,8.57620294126808,7.08,17.97,115
"SWM",-2.90331752643202,2.41024477417903,9.66310995896439,8.45,19.42,116
"SWM",-2.78656116112079,2.05404953112685,9.05841912689467,7.7,18.6,117
"SWM",-2.65965062794203,1.81155522346281,8.42781782437671,6.98,17.63,118
"SWM",-2.62569188832439,1.72331667578453,8.35934772009821,6.84,17.62,119
"SWM",-2.7912057264196,2.10591176925567,9.01619141363411,7.7,18.45,120
"SWM",-2.60818988459435,1.73584667743567,8.18235111131663,6.71,17.22,121
"SWM",-2.7011877348327,1.84127171237304,8.71628637714328,7.24,18.19,122
"SWM",-2.57836508325632,1.66334642227082,8.13284638380634,6.6,17.23,123
"SWM",-2.73612859359603,2.0153892948274,8.67709368037429,7.35,17.87,124
"SWM",-2.71194535510783,1.88644374701781,8.71169515119281,7.28,18.11,125
"SWM",-2.71991609621642,1.94199566186661,8.66954426906018,7.28,17.95,126
"SWM",-2.66897479736638,1.89366679756709,8.33084731647591,6.96,17.31,127
"SWM",-2.78781308524336,2.33482443427523,8.68692584604926,7.56,17.53,128
"SWM",-2.81491796480702,2.03776822338228,9.34766142921543,7.93,19.22,129
"SWM",-2.69142488537756,1.89901611889902,8.5091849092294,7.12,17.67,130
"SWM",-2.5946133727069,1.70169027237131,8.15987546227973,6.66,17.23,131
"SWM",-2.71359409050299,1.85002071215227,8.8052674121435,7.32,18.36,132
"SWM",-2.76493297128686,2.2244562524062,8.61836358205487,7.44,17.51,133
"SWM",-2.70246532161682,1.82355472525298,8.76813644436528,7.27,18.32,134
"SWM",-2.70105176948485,1.81029936217186,8.78706314391335,7.27,18.38,135
"SWM",-2.68584004594443,1.80987628989536,8.6554053969097,7.16,18.11,136
"SWM",-2.6359059613792,1.76440010168575,8.34039944194954,6.86,17.51,137
"SWM",-2.76032939689358,2.09413534970722,8.76003366574397,7.47,17.94,138
"SWM",-2.68516689451695,1.83328005110202,8.59563940027568,7.13,17.95,139
"SWM",-2.73469309987032,1.89425754937255,8.89547565644262,7.44,18.48,140
"SWM",-2.7846441532894,2.19168876768865,8.83309029219953,7.6,17.98,141
"SWM",-2.61015262357233,1.78971688153029,8.06940311603275,6.66,16.91,142
"SWM",-2.65829098441748,1.76781574480056,8.5206813895305,7.02,17.89,143
"SWM",-2.68472947270316,1.77531137392156,8.72995682702958,7.19,18.32,144
"SWM",-2.75456163462941,2.10741934073825,8.68951816320909,7.42,17.78,145
"SWM",-2.69770772080626,1.95685017672421,8.45165752329021,7.11,17.48,146
"SWM",-2.77987195461919,2.30877092605416,8.64695979665491,7.51,17.48,147
"SWM",-2.57764073697083,1.64011310357584,8.19439419382255,6.63,17.4,148
"SWM",-2.65396746775933,1.89557539183922,8.20303173461009,6.86,17.04,149
"SWM",-2.69928971137466,2.00134682924935,8.38674616456677,7.09,17.29,150
"SWM",-2.65612394111604,1.67888710795115,8.74363454117484,7.11,18.5,151
"SWM",-2.72886818052902,2.02516056227856,8.59782343051421,7.29,17.69,152
"SWM",-2.82445261238329,2.22645651018644,9.14422980514233,7.89,18.57,153
"SWM",-2.82498057022335,2.34952710078601,8.9994059353797,7.84,18.15,154
"SWM",-2.7528973241545,1.91459217203002,9.01584170230489,7.55,18.7,155
"SWM",-2.84924517668771,2.14553412347954,9.49154997735174,8.13,19.38,156
"SWM",-2.78003980377121,2.0894297788218,8.94183489893451,7.62,18.32,157
"SWM",-2.7167586542038,1.89222093546943,8.74160565902932,7.31,18.17,158
"SWM",-2.65412885358595,2.02204977043534,7.98350119110186,6.76,16.43,159
"SWM",-2.70812182967596,1.85609850701828,8.74370128942667,7.28,18.22,160
"SWM",-2.51981531282002,1.46658346891569,8.32811875538179,6.55,18,161
"SWM",-2.73519391498275,1.77057891954558,9.19439946259345,7.57,19.3,162
"SWM",-2.70293647282559,1.80314431257157,8.82090421647466,7.29,18.46,163
"SWM",-2.64498629787742,1.85731299912059,8.20621071583508,6.83,17.1,164
"SWM",-2.64167164660182,1.80041953033222,8.30295659492209,6.86,17.38,165
"SWM",-2.83565589838344,2.33418155035306,9.11337115848816,7.93,18.39,166
"SWM",-2.66788567465949,1.84881880380877,8.41443650107661,7,17.55,167
"SWM",-2.81392986065351,2.10752599194631,9.22085083396961,7.88,18.87,168
"SWM",-2.67966688971139,1.89482310395683,8.4180821906348,7.04,17.49,169
"SWM",-2.69532214852437,1.9308531404133,8.47996068845726,7.12,17.57,170
"SWM",-2.76618401798712,1.88894924713398,9.19171467650425,7.68,19.11,171
"SWM",-2.60478637563027,1.58210211101851,8.60871062895825,6.9,18.38,172
"SWM",-2.62105362866096,1.55713054628372,8.84034061412252,7.06,18.93,173
"SWM",-2.74490642093198,1.78511029596298,9.24548325902949,7.63,19.38,174
"SWM",-2.66690829079259,1.83572975879993,8.43470879152978,7,17.61,175
"SWM",-2.74378054875848,1.90495149937158,8.95405116576269,7.49,18.59,176
"SWM",-2.8116152187603,2.21233279930757,9.04637091441614,7.8,18.39,177
"SWM",-2.67787328247096,1.87145180318367,8.45070634529239,7.05,17.59,178
"SWM",-2.67806903340745,1.82167887329117,8.56109874930155,7.1,17.89,179
"SWM",-2.75328855184274,1.85235032658353,9.156379824183,7.62,19.09,180
"SWM",-2.87890284441271,2.35081663857262,9.49648971076765,8.27,19.15,181
"SWM",-2.86087695536927,2.24936298933182,9.45234564060505,8.17,19.17,182
"SWM",-2.76758903052617,2.02879610396917,8.93095872313052,7.57,18.37,183
"SWM",-2.63347936789411,1.61583560986993,8.74334155259267,7.05,18.61,184
"SWM",-2.67467310368789,1.79185714864965,8.60203235849264,7.1,18.02,185
"SWM",-2.7968406382633,1.91897991637931,9.41136793111505,7.89,19.52,186
"SWM",-2.6986009330103,1.77332123692064,8.85698638016275,7.3,18.58,187
"SWM",-2.59798487612604,1.64123770804353,8.35939981214494,6.76,17.75,188
"SWM",-3.2851350827326,8,12.8550823900184,12.58,23.49,189
"SWM",-2.69419679247164,1.88775734769207,8.555733316349,7.15,17.79,190
"SWM",-2.63104085449416,1.73643895915381,8.369952707189,6.86,17.62,191
"SWM",-2.73961920749973,1.94856693697264,8.82915561695594,7.42,18.27,192
"SWM",-2.60874852182281,1.6383840362261,8.45862493466444,6.84,17.97,193
"SWM",-2.7871068625345,2.04875183589991,9.072362233063,7.71,18.64,194
"SWM",-2.74721914632183,1.92422356652176,8.94505551186557,7.5,18.54,195
"SWM",-2.65211259742641,1.63621643689844,8.84048176836817,7.15,18.78,196
"SWM",-2.59997982212992,1.73248815549034,8.12386845131171,6.66,17.11,197
"SWM",-2.59923481647055,1.6047616394715,8.48487743587232,6.83,18.08,198
"SWM",-2.97062423734623,2.64311760504833,10.1025495408132,8.97,20.07,199
"SWM",-2.73939679375567,2.09878832103366,8.57157378525467,7.32,17.55,200
"SWM",-2.73542524253098,1.93484352610256,8.81905370998714,7.4,18.27,201
"SWM",-2.67399164613538,1.84493467230153,8.47441423190541,7.04,17.68,202
"SWM",-2.72059576024654,2.03500861538348,8.51077121938027,7.22,17.5,203
"SWM",-2.9105665445837,2.25126514688099,9.93123099388828,8.59,20.14,204
"SWM",-2.84868428694276,2.41890038283317,9.14040800401609,8,18.36,205
"SWM",-2.70419451550662,1.9340630837783,8.54937631159035,7.18,17.71,206
"SWM",-2.67481267838877,1.81142407966266,8.5568793473684,7.08,17.9,207
"SWM",-2.87070475095636,2.0739934955757,9.8175455632613,8.36,20.14,208
"SWM",-2.75727975998219,2.00268905072252,8.885067109324,7.51,18.31,209
"SWM",-2.63044862864214,1.70739437605471,8.44194142155751,6.89,17.82,210
"SWM",-2.74028314569622,2.02405327812439,8.69840689563066,7.37,17.9,211
"SWM",-2.60323786957706,1.60663559456419,8.51275407417838,6.85,18.14,212
"SWM",-2.66066181071054,1.76255508013208,8.55408881342489,7.04,17.97,213
"SWM",-2.71586387156047,1.90773271813157,8.70188635836778,7.28,18.06,214
"SWM",-2.78947686094025,1.98939783405991,9.20064578601079,7.77,18.98,215
"SWM",-2.60047276774466,1.67292534162539,8.28716413470388,6.74,17.54,216
"SWM",-2.58747721214937,1.62568546246018,8.31940462714193,6.72,17.69,217
"SWM",-2.72735613846559,2.28338913895516,8.23218363779995,7.14,16.66,218
"SWM",-2.69174810726341,1.76881775015863,8.80800708175691,7.25,18.49,219
"SWM",-2.76232916485544,2.18581477035862,8.64596010334042,7.44,17.6,220
"SWM",-2.75551028482941,2.25729431107251,8.49759438243997,7.35,17.23,221
"SWM",-2.70126474717381,2.01638721043303,8.37813816877791,7.09,17.25,222
"SWM",-2.47083751629902,1.42432612744982,8.10636390960226,6.32,17.61,223
"SWM",-2.6289309995246,1.71295428801562,8.41408317743426,6.88,17.75,224
"SWM",-2.7235322609352,2.03700740886497,8.53253071958643,7.24,17.55,225
"SWM",-2.94432589428364,2.58849114545861,9.88734066482433,8.75,19.7,226
"SWM",-2.85916513748361,2.3674329797127,9.29210400096989,8.11,18.72,227
"SWM",-2.76775297987686,2.09272865459389,8.82749297626124,7.53,18.08,228
"SWM",-2.69944757365802,1.90291256789011,8.56985754501668,7.17,17.79,229
"SWM",-2.81623120970025,2.20037272328335,9.1045270450339,7.84,18.52,230
"SWM",-2.66702470925572,1.83497362473354,8.4373583258001,7,17.61,231
"SWM",-2.69586970263948,1.71983623151649,8.97691172737829,7.34,18.92,232
"SWM",-2.81044646609154,2.3269607197776,8.89460748783613,7.74,17.96,233
"SWM",-2.77187088556905,2.17135093230053,8.74854774684834,7.51,17.83,234
"SWM",-2.76038578901041,2.27349191531522,8.52005503987674,7.38,17.26,235
"SWM",-2.79665486723921,2.06885078336886,9.12535291343277,7.77,18.72,236
"SWM",-2.69659842496893,1.83899660637462,8.6814982553417,7.21,18.12,237
"SWM",-2.8113369985038,2.09837840977417,9.21159674439659,7.86,18.86,238
"SWM",-2.7222293775675,1.74702411828606,9.13953658657298,7.5,19.22,239
"SWM",-2.72323484224495,1.89497529967272,8.79262930695497,7.35,18.27,240
"SWM",-2.80612690669693,2.01150351526892,9.31340902511879,7.88,19.18,241
"SWM",-2.66697530849225,1.78850935356224,8.54411289137951,7.05,17.91,242
"SWM",-2.70771218325241,1.90344996329194,8.6398876465839,7.23,17.94,243
"SWM",-2.57699522221335,1.67269496059985,8.09550740979779,6.58,17.14,244
"SWM",-2.70005240904563,2.01080567162674,8.3772483156311,7.09,17.26,245
"SWM",-2.76617624614379,1.99352412383613,8.9811469753319,7.59,18.52,246
"SWM",-2.75295172931733,1.82467340151098,9.21942732545683,7.64,19.26,247
"SWM",-2.69456993623211,1.73190765209988,8.93142893407682,7.32,18.81,248
"SWM",-2.69102642737781,1.88245693107297,8.53957456448114,7.13,17.76,249
"SWM",-2.80632647808733,2.28805325425104,8.90306479833347,7.72,18.02,250
"SWM",-2.79186072667653,2.08321765131349,9.05817008630282,7.72,18.57,251
"SWM",-2.76118545254565,2.03238865466948,8.86779426978916,7.52,18.24,252
"SWM",-2.67598212586643,1.79318395278168,8.61009794143956,7.11,18.04,253
"SWM",-2.75345022946754,2.14905071393114,8.6195599615637,7.39,17.59,254
"SWM",-2.80073828036321,2.04307628086815,9.20674064654346,7.82,18.92,255
"SWM",-2.62030770439502,1.80404940317614,8.11932098894184,6.72,16.99,256
"SWM",-2.70993286194033,2.1990436212758,8.18803905748955,7.05,16.66,257
"SWM",-2.71069248650464,1.84120085358954,8.7996889378419,7.31,18.36,258
"SWM",-2.75535761140278,2.10364153425382,8.70212405079165,7.43,17.81,259
"SWM",-2.72223014630111,1.98267825309393,8.61422699550127,7.27,17.78,260
"SWM",-2.70049029417373,1.97795586760108,8.43727487750907,7.12,17.42,261
"SWM",-2.74739870608216,2.05530426517587,8.70848860389317,7.4,17.88,262
"SWM",-2.65778948075872,1.81338131315449,8.40798110385039,6.96,17.58,263
"SWM",-2.79628454616048,2.21344020217791,8.90727699452252,7.68,18.11,264
"SWM",-2.81559366084346,2.02118281615608,9.38405173046694,7.95,19.32,265
"SWM",-2.63508684925893,1.59297219514307,8.83518532163072,7.1,18.85,266
"SWM",-2.77604486049879,1.96653812433436,9.1213944688786,7.68,18.85,267
"SWM",-2.65353846944373,1.9450364921224,8.10732691734519,6.81,16.78,268
"SWM",-2.66913561244504,1.91302888991111,8.29441493309322,6.95,17.21,269
"SWM",-2.62052453240319,1.82752387084957,8.0698056955579,6.69,16.86,270
"SWM",-2.80379032160541,2.12783100384664,9.09637112555045,7.78,18.59,271
"SWM",-2.68809006934252,1.83506589308215,8.61677162531413,7.15,17.99,272
"SWM",-2.53385821726286,1.49779614984365,8.31907442880983,6.58,17.92,273
"SWM",-2.80605445549475,2.20003515919858,9.01280218820717,7.76,18.33,274
"SWM",-2.62998822020474,1.78283308620157,8.24712065478199,6.8,17.29,275
"SWM",-2.87759685899877,2.35971601676066,9.47379006341428,8.26,19.09,276
"SWM",-2.64069264354267,1.71875651873525,8.49791387929411,6.95,17.92,277
"SWM",-2.59618166038644,1.56548022945366,8.59312725203779,6.87,18.38,278
"SWM",-2.69739252483083,1.81507522885752,8.74363711884624,7.24,18.28,279
"SWM",-2.60259987750672,1.81226205179833,7.95893520605635,6.59,16.65,280
"SWM",-2.75267980642441,1.93740766884164,8.9674142184516,7.53,18.57,281
"SWM",-2.53299253892856,1.50499330521752,8.28396865282284,6.56,17.83,282
"SWM",-2.72615140811841,1.74793479333989,9.17292987463867,7.53,19.29,283
"SWM",-2.65207259955462,1.7611389518205,8.48447183458076,6.98,17.82,284
"SWM",-2.74081249054434,2.03907559663873,8.67782627099762,7.36,17.84,285
"SWM",-2.8330152324801,2.46781345653934,8.95056835344062,7.86,17.94,286
"SWM",-2.5240153325722,1.42749469066754,8.53448230047658,6.66,18.53,287
"SWM",-2.59156796987338,1.5924809670684,8.46057533306065,6.79,18.05,288
"SWM",-2.71675112523096,1.90701223900288,8.71107391664653,7.29,18.08,289
"SWM",-2.41057626736803,1.37727619726992,7.8391372981338,6.05,17.12,290
"SWM",-2.68882185519116,1.78079521180762,8.75197156346405,7.22,18.35,291
"SWM",-2.5598083901994,1.55077459186376,8.33758337171848,6.65,17.86,292
"SWM",-2.81986966268657,2.18958064290549,9.15274085435656,7.87,18.63,293
"SWM",-2.61311717196583,1.64925409574742,8.46242105387257,6.85,17.96,294
"SWM",-2.73406894857115,1.85098151419362,8.98520959580886,7.47,18.73,295
"SWM",-2.76285207733223,2.13920226811319,8.71501761870282,7.46,17.8,296
"SWM",-2.73904278370686,2.34127946668316,8.26675293757732,7.2,16.68,297
"SWM",-2.57949106375955,1.68646719990024,8.07795041133044,6.58,17.08,298
"SWM",-2.61449137237984,1.62494236547347,8.54957617136696,6.9,18.18,299
"SWM",-2.77916573962113,2.13534186099153,8.86401128196073,7.59,18.11,300
"SWM",-2.69537221257277,2.02956458647579,8.30749523596994,7.04,17.09,301
"SWM",-2.75337960994763,2.02257530216486,8.81561888630057,7.47,18.14,302
"SWM",-2.81757707570472,2.13315396020922,9.2144594059113,7.89,18.82,303
"SWM",-2.60927634185682,1.7784051722943,8.08829256073171,6.67,16.96,304
"SWM",-2.84052927040696,2.1567102370674,9.392158216745,8.06,19.16,305
"SWM",-2.83552212561047,2.42641484530011,9.01331936317077,7.89,18.1,306
"SWM",-2.79687400685171,1.96355028563355,9.31931502904166,7.85,19.26,307
"SWM",-2.67146854638056,1.75529574051329,8.66564700039663,7.12,18.21,308
"SWM",-2.80104468039445,2.01568280822013,9.25852484675408,7.84,19.07,309
"SWM",-2.77686483961785,2.11424392041928,8.87509360845862,7.58,18.15,310
"SWM",-2.63335945829306,1.69801754025934,8.49244492175949,6.93,17.94,311
"SWM",-2.48804925928778,1.41066677913245,8.30923585356041,6.46,18.07,312
"SWM",-2.55119263307342,1.53925681950167,8.30717124109892,6.61,17.82,313
"SWM",-2.87791869005079,2.59233085396604,9.24887824948726,8.19,18.42,314
"SWM",-2.58151216652715,1.67676767229783,8.12084764935805,6.6,17.19,315
"SWM",-2.56826895021832,1.53967093236342,8.44872247485981,6.73,18.12,316
"SWM",-2.61747599601553,1.53475201527624,8.893955982683,7.08,19.09,317
"SWM",-2.72928690769447,2.44374850308635,8.0894691229633,7.09,16.23,318
"SWM",-2.69358411181136,1.93627927175794,8.45495796246668,7.1,17.51,319
"SWM",-2.80843289811673,2.30767996889252,8.89874937493517,7.73,17.99,320
"SWM",-2.87111611673628,2.22388774977654,9.58463655687287,8.27,19.47,321
"SWM",-2.7810154079536,2.18576889940971,8.80910186686382,7.58,17.94,322
"SWM",-2.62695860364229,1.72740398938523,8.35922927584193,6.85,17.61,323
"SWM",-2.70428480871252,1.99535104084907,8.43899744725056,7.13,17.4,324
"SWM",-2.78219928735137,2.02019880395125,9.07760320877416,7.69,18.69,325
"SWM",-2.72571816954092,1.95628050895607,8.69280897814371,7.32,17.98,326
"SWM",-2.53215756730712,1.56200774616506,8.07185955286665,6.45,17.27,327
"SWM",-2.69985297130589,1.7486463763993,8.93292366285078,7.34,18.78,328
"SWM",-2.91464703651142,2.42990298479245,9.75169841757375,8.54,19.58,329
"SWM",-2.73266049687155,2.01816796653981,8.64231517184403,7.32,17.79,330
"SWM",-2.57438306385576,1.51293776335749,8.6025001400137,6.82,18.5,331
"SWM",-2.76832761030598,1.87560041751773,9.24131363027205,7.71,19.23,332
"SWM",-2.65857757188105,1.78661129904373,8.47720688980257,7,17.77,333
"SWM",-2.68111322914232,1.88699823175727,8.44606554935516,7.05,17.56,334
"SWM",-2.54817786852437,1.63220829133147,7.97950736286758,6.45,16.96,335
"SWM",-2.63489155857421,1.71540020084527,8.4577761581506,6.92,17.84,336
"SWM",-2.75849323270958,1.93994777770554,9.0146100889812,7.57,18.67,337
"SWM",-2.72858937397801,1.94757336262821,8.73433878391581,7.34,18.07,338
"SWM",-2.75963348029481,2.16137366079148,8.65582233101191,7.43,17.65,339
"SWM",-2.56348528215234,1.55227695587415,8.36294684917375,6.67,17.91,340
"SWM",-2.76828496533212,1.94340014349978,9.09636665209419,7.64,18.83,341
"SWM",-2.52923510354359,1.44673962456974,8.49228864122441,6.65,18.4,342
"SWM",-2.86574067831229,2.11688554128638,9.69562005346718,8.29,19.83,343
"SWM",-2.86759584837221,2.12805328929842,9.69532536448139,8.3,19.81,344
"SWM",-2.57590654230114,1.6025494875293,8.29633435651011,6.67,17.68,345
"SWM",-2.92779095949985,2.4302018819247,9.88039333505717,8.66,19.84,346
"SWM",-2.76074745515268,2.44827278527932,8.3439228875772,7.32,16.74,347
"SWM",-2.67289118759622,1.80845654336944,8.54735915781639,7.07,17.88,348
"SWM",-2.68965533749236,1.84499502460695,8.60806617193301,7.15,17.96,349
"SWM",-2.7762793685501,2.23954940078031,8.69770925766609,7.51,17.65,350
"SWM",-2.72097879220361,1.88754742385198,8.78841265486735,7.34,18.27,351
"SWM",-2.81656149913658,2.11739713079107,9.22952902160617,7.89,18.87,352
"SWM",-2.79748331037186,2.22491800667065,8.9029094709701,7.68,18.08,353
"SWM",-2.75460599637525,2.14525539024756,8.63486658347476,7.4,17.63,354
"SWM",-2.79745670165698,2.36928284634005,8.73409652850951,7.62,17.59,355
"SWM",-2.7747068534434,2.19091624293921,8.74678199777623,7.53,17.8,356
"SWM",-2.74147006282596,1.99200564240234,8.76469687204121,7.4,18.08,357
"SWM",-2.65209805622519,1.77440845380305,8.45188511118043,6.96,17.73,358
"SWM",-2.68167232920667,1.79091177460932,8.66475066694236,7.15,18.15,359
"SWM",-2.71344511219672,1.93177953691806,8.6332468839928,7.25,17.89,360
"SWM",-2.84641736657717,2.48807375662743,9.0522496497327,7.96,18.12,361
"SWM",-2.50372485022225,1.45257580485948,8.25349776097788,6.47,17.87,362
"SWM",-2.67222605323267,1.8358394111105,8.47943915849919,7.04,17.7,363
"SWM",-2.76638396065891,2.03235992901656,8.91406294157007,7.56,18.33,364
"SWM",-2.73527083549508,2.12157795693789,8.5029097379031,7.27,17.38,365
"SWM",-2.69608951892777,1.9923282710405,8.37528707953599,7.07,17.28,366
"SWM",-2.83211018418425,2.03634975493763,9.51233936937203,8.07,19.56,367
"SWM",-2.62503692291286,1.69461811999447,8.43149119881457,6.87,17.81,368
"SWM",-2.7877664546332,2.0467412331919,9.08178658324156,7.71,18.66,369
"SWM",-2.74649958089991,2.00513217225157,8.78548176840349,7.43,18.1,370
"SWM",-2.73027559355141,2.08880929241619,8.50867781934605,7.25,17.43,371
"SWM",-2.7167050908183,2.02396645367961,8.4958582382261,7.2,17.48,372
"SWM",-2.62088730320064,1.73503597025482,8.28897840035726,6.8,17.45,373
"SWM",-2.80566714800135,2.2403393403786,8.95609696699658,7.74,18.17,374
"SWM",-2.69857499932274,1.8286038358491,8.72239822934004,7.24,18.22,375
"SWM",-2.56387172413911,1.58782061093146,8.24469398384328,6.62,17.6,376
"SWM",-2.62692445016986,1.6621510461802,8.54107930761986,6.93,18.1,377
"SWM",-2.74716328657756,1.84823236231194,9.11003508249187,7.57,19,378
"SWM",-2.69564910943067,1.9558050119105,8.43618245133581,7.1,17.45,379
"SWM",-2.80780749458206,2.14780768803703,9.10290401188086,7.8,18.58,380
"SWM",-2.75044629867228,1.90055531114529,9.02324808214963,7.55,18.74,381
"SWM",-2.67517921986436,1.85727160275344,8.45784689823438,7.04,17.62,382
"SWM",-2.69560504577807,1.60683833314404,9.33578271825217,7.51,19.89,383
"SWM",-2.7184568124638,2.01082109146813,8.53282791274863,7.22,17.58,384
"SWM",-2.85892657100267,2.32587351121584,9.3377318064482,8.12,18.86,385
"SWM",-2.53637177305694,1.42387652987223,8.65751337775949,6.75,18.8,386
"SWM",-2.53544322290117,1.49060755925804,8.36069187871545,6.6,18.02,387
"SWM",-2.59740512884463,1.58984555661545,8.51899160324857,6.84,18.18,388
"SWM",-2.45449438513802,1.3625845220486,8.26417011864911,6.36,18.08,389
"SWM",-2.76963107071783,2.04595337746886,8.91989544631149,7.57,18.33,390
"SWM",-2.82059349839913,1.98818391889006,9.49381037512815,8.02,19.59,391
"SWM",-2.6324154735215,1.62165135060982,8.7149186794826,7.03,18.54,392
"SWM",-2.7065974951788,1.84420702822952,8.7569248024611,7.28,18.27,393
"SWM",-2.62510538837768,1.74776013204102,8.29176975594401,6.81,17.44,394
"SWM",-2.708578392614,1.7298247544032,9.06328426723518,7.42,19.09,395
"SWM",-2.84057981613618,2.29352405137739,9.20659095378113,7.99,18.62,396
"SWM",-2.75612829244553,1.80738799581006,9.29197827594675,7.69,19.44,397
"SWM",-2.77120008784262,1.90416512767761,9.20465918065882,7.7,19.11,398
"SWM",-2.62441745468232,1.7883398645136,8.18851415334703,6.76,17.16,399
"SWM",-2.69259983431081,1.90637037895753,8.50448459582142,7.12,17.65,400
"SWM",-2.87672244470913,2.3867363025358,9.43505313850405,8.24,18.99,401
"SWM",-2.48012984128968,1.40250156495821,8.28157819907379,6.43,18.03,402
"SWM",-2.60196647695815,1.61817900730792,8.464606261903,6.82,18.01,403
"SWM",-2.76717510370069,2.02123822228921,8.94041690194561,7.57,18.4,404
"SWM",-2.74363716408809,1.89664449093369,8.97030587294025,7.5,18.64,405
"SWM",-2.65926859140979,1.77388970907004,8.51398307093601,7.02,17.86,406
"SWM",-2.78444211560017,2.22543011597842,8.78690193563602,7.58,17.85,407
"SWM",-2.69457309938461,1.86326887762979,8.61049791465761,7.17,17.93,408
"SWM",-2.65932589569229,1.84852673823338,8.34334168393633,6.94,17.4,409
"SWM",-2.83856744810945,2.15951013043573,9.36954112995587,8.04,19.11,410
"SWM",-2.76375934611137,2.25971030959278,8.56509742646808,7.41,17.36,411
"SWM",-2.66644842103594,1.91436169348044,8.26961096648614,6.93,17.16,412
"SWM",-2.59710182734644,1.5979471239667,8.48926235496244,6.82,18.1,413
"SWM",-2.51420900007778,1.4738229383404,8.25188247977432,6.49,17.82,414
"SWM",-2.64684011202741,1.82368042162334,8.29344629003237,6.88,17.33,415
"SWM",-2.73866966979315,2.10857943066031,8.55080571319024,7.3,17.5,416
"SWM",-2.74553062666918,1.95764975877754,8.86413084491116,7.46,18.33,417
"SWM",-2.58422229236146,1.51173030018145,8.69236309918065,6.89,18.7,418
"SWM",-2.70457697762974,1.87625876748588,8.66916183439008,7.23,18.04,419
"SWM",-2.80620674336507,2.03965138554658,9.26325521435494,7.86,19.04,420
"SWM",-2.60805626232204,1.67917668306122,8.33247106665679,6.78,17.63,421
"SWM",-2.57464765844832,1.54564375872952,8.48084311327127,6.76,18.18,422
"SWM",-2.73549846947128,2.00243864735479,8.69406985951032,7.35,17.92,423
"SWM",-2.77485847668784,1.98912306691331,9.06763769811028,7.66,18.71,424
"SWM",-2.70835640400381,1.76980646450002,8.95293686003142,7.37,18.79,425
"SWM",-2.67411432564376,1.85859233021319,8.44603221796487,7.03,17.6,426
"SWM",-2.77113824136113,2.12440933046831,8.80921339808343,7.54,18.01,427
"SWM",-2.54916642472759,1.51763299172042,8.37037588475002,6.64,17.99,428
"SWM",-2.75838737870944,2.07348527974589,8.77534329366394,7.47,18,429
"SWM",-2.78956897154624,1.95430125729219,9.26992639822578,7.8,19.17,430
"SWM",-2.67087209830771,1.91163453527214,8.31151167257671,6.96,17.25,431
"SWM",-2.80338327852074,2.29476557656878,8.86896722596813,7.69,17.94,432
"SWM",-2.66378536089072,1.83296466885625,8.41449852349923,6.98,17.57,433
"SWM",-2.52593769384862,1.53306611002667,8.12198785532053,6.46,17.43,434
"SWM",-2.68645638613616,1.89642615563485,8.4722048351872,7.08,17.6,435
"SWM",-2.55141276485199,1.52129173983571,8.37534694756376,6.65,18,436
"SWM",-2.61830981816599,1.72238304644541,8.30030411687421,6.79,17.49,437
"SWM",-2.66630369876128,1.87443452744991,8.3473673162678,6.96,17.37,438
"SWM",-2.71956598263053,2.00246395655628,8.5566056959164,7.24,17.64,439
"SWM",-2.64918804964288,1.81456900759821,8.33329193210183,6.9,17.43,440
"SWM",-2.75355608858048,2.16645951019535,8.59641833352724,7.38,17.52,441
"SWM",-2.70788388819297,1.8116668693902,8.84401370850128,7.32,18.5,442
"SWM",-2.68924422292599,2.02326584709799,8.26685944924406,7,17.01,443
"SWM",-2.62465992041682,1.69816970550063,8.41846451374152,6.87,17.78,444
"SWM",-2.59479027709804,1.6707920953006,8.24624473485417,6.7,17.46,445
"SWM",-2.79844851851678,1.99935814866273,9.26471840185771,7.83,19.1,446
"SWM",-2.72215377627202,2.03315591284603,8.52707728558372,7.23,17.54,447
"SWM",-2.6971977999466,1.92402276838779,8.50900656358463,7.14,17.64,448
"SWM",-2.64710264886471,1.69638658481148,8.61458158006156,7.03,18.2,449
"SWM",-2.75715225197357,2.10375285450664,8.71758689307618,7.44,17.84,450
"SWM",-2.70042634978741,1.96023178562571,8.46849421593252,7.13,17.51,451
"SWM",-2.78337106657966,2.15697725198882,8.86999287109802,7.61,18.09,452
"SWM",-2.77502898735253,2.02294687729176,9.00789827685938,7.63,18.54,453
"SWM",-2.82928931016791,2.29685582140128,9.09921051912376,7.9,18.4,454
"SWM",-2.78183416606788,2.07399101987117,8.98270455312386,7.65,18.42,455
"SWM",-2.71956959362842,1.895986470454,8.75835693799429,7.32,18.2,456
"SWM",-2.67735004374826,1.94867851419282,8.29606235275713,6.98,17.17,457
"SWM",-2.6608363417895,1.76319234776465,8.55397750464826,7.04,17.96,458
"SWM",-2.78968283163224,2.05610316254846,9.08326482604008,7.72,18.65,459
"SWM",-2.65149243000876,1.73698493163984,8.54146000966385,7,17.98,460
"SWM",-2.61670210133713,1.68125810437512,8.39890526253295,6.83,17.77,461
"SWM",-2.79431001413214,2.00400017834082,9.21781837833643,7.8,19,462
"SWM",-2.86870847963429,2.42580875220659,9.31808529404812,8.16,18.71,463
"SWM",-2.77114663112146,2.14548422276928,8.77855232994571,7.52,17.92,464
"SWM",-2.72117974028155,2.19859721639294,8.28120853860779,7.13,16.85,465
"SWM",-2.77927665906144,2.32023432506914,8.62903706649985,7.5,17.43,466
"SWM",-2.73920772135547,1.88005778305043,8.96632017105582,7.48,18.65,467
"SWM",-2.91132639985304,2.31722084294761,9.85096463127362,8.56,19.9,468
"SWM",-2.74103887667913,1.75544093419202,9.28958288504148,7.64,19.52,469
"SWM",-2.64718199769854,1.87722100364906,8.18367799213486,6.83,17.03,470
"SWM",-2.52705108971693,1.50401445854316,8.23864127986186,6.52,17.74,471
"SWM",-2.864886695758,2.45421981389207,9.2537861277487,8.12,18.56,472
"SWM",-2.56993654347897,1.4507273389501,8.82685524546781,6.92,19.11,473
"SWM",-2.58976195103975,1.70054620830868,8.1234186728495,6.63,17.15,474
"SWM",-2.82794341472225,2.23981147303474,9.15853517161238,7.91,18.59,475
"SWM",-2.63834406674253,1.66987165056395,8.61606624680092,7,18.25,476
"SWM",-2.70470566397457,1.86909971280229,8.6855772841282,7.24,18.08,477
"SWM",-2.57355513463775,1.61336165483333,8.24253257525667,6.64,17.55,478
"SWM",-2.72695685445949,2.25713405686901,8.25857496339144,7.14,16.74,479
"SWM",-2.62745705368794,1.75281741318947,8.29866977240497,6.82,17.44,480
"SWM",-2.61735273770009,1.66367542296653,8.4552199420384,6.86,17.92,481
"SWM",-2.70472956717434,1.98682955872582,8.45751406719248,7.14,17.45,482
"SWM",-2.70845729929187,1.7785671813026,8.93121235475766,7.36,18.73,483
"SWM",-2.70906430824326,2.10039424744274,8.31314991046731,7.1,17.02,484
"SWM",-2.72820229210733,1.93242759044979,8.76031995652581,7.35,18.15,485
"SWM",-2.83077689939335,2.41614473749735,8.9809669827082,7.86,18.05,486
"SWM",-2.69048050926022,1.97312602133177,8.3617138291521,7.05,17.27,487
"SWM",-2.72615662800989,1.80493020527871,9.02369051250211,7.46,18.88,488
"SWM",-2.87204401127919,2.28305235798826,9.51419163557479,8.25,19.26,489
"SWM",-2.61866060401613,1.68434702023929,8.40661567367859,6.84,17.78,490
"SWM",-2.81424520944226,2.14724507193774,9.16253448104399,7.85,18.7,491
"SWM",-2.98834571770097,3.26628455451573,9.9087618417762,9.06,19.23,492
"SWM",-2.75892341433576,2.28282389547177,8.49684337712905,7.36,17.2,493
"SWM",-2.62738819316555,1.85013596224231,8.07776149770713,6.72,16.84,494
"SWM",-2.73859213164729,1.95743842705349,8.80324146466327,7.41,18.2,495
"SWM",-2.73208467211675,1.92007972961446,8.81901960736788,7.39,18.29,496
"SWM",-2.8671145023482,2.24371316608848,9.51910566182668,8.23,19.31,497
"SWM",-2.6237962683388,1.68407340324835,8.45067753674212,6.88,17.87,498
"SWM",-2.50125738832703,1.53282005524565,7.92484699463909,6.3,17.01,499
"SWM",-2.61628172040824,1.78308037889607,8.13427999966068,6.71,17.05,500
"SWM",-2.7688719039369,1.94830736652126,9.09190125699604,7.64,18.81,501
"SWM",-2.6786004244518,1.86563426929398,8.46905800245334,7.06,17.64,502
"SWM",-2.70285223532734,1.92620950622304,8.55301310013834,7.17,17.73,503
"SWM",-2.73594320193438,1.96059465337442,8.77398968871936,7.39,18.14,504
"SWM",-2.66298137284664,1.7701171793757,8.55500263625242,7.05,17.96,505
"SWM",-2.80953145516198,2.39598209134124,8.81244014953966,7.7,17.73,506
"SWM",-2.62022469438851,1.66881345282136,8.46444321518438,6.88,17.93,507
"SWM",-2.59645812992882,1.57767072308914,8.55261675809495,6.85,18.27,508
"SWM",-2.76308918807179,2.13012686505867,8.73021865140036,7.47,17.84,509
"SWM",-2.62035616111667,1.66150213329171,8.48708715776635,6.89,17.99,510
"SWM",-2.71062047399006,1.88942405537079,8.69392960155987,7.26,18.07,511
"SWM",-2.66519861489632,1.9107607537822,8.26616398102391,6.92,17.15,512
"SWM",-2.85557326608389,2.34796662253943,9.28076124084548,8.08,18.72,513
"SWM",-2.84002242813012,2.15102946745759,9.3960098886972,8.06,19.17,514
"SWM",-2.59348104955237,1.71221292086562,8.12295768105919,6.64,17.14,515
"SWM",-2.91987288812566,2.48662830322646,9.74366419285735,8.57,19.51,516
"SWM",-2.71416900628444,1.92881583681561,8.64526194344728,7.25,17.92,517
"SWM",-2.70213575731339,1.97718680109482,8.45252972255367,7.13,17.45,518
"SWM",-2.75635916068265,2.18231711390258,8.59914659498889,7.39,17.51,519
"SWM",-2.67485388176086,1.60753878011915,9.14158640240436,7.36,19.47,520
"SWM",-2.70371704391935,1.90962976389669,8.59303123830356,7.2,17.83,521
"SWM",-2.62128461928062,1.6667386017215,8.4795022084503,6.89,17.96,522
"SWM",-2.65554786936567,1.8982398105672,8.21081880848994,6.87,17.06,523
"SWM",-2.74921606241277,1.7495007300278,9.38253095655056,7.71,19.73,524
"SWM",-2.49877005223172,1.5063469055326,8.00024552018963,6.33,17.22,525
"SWM",-2.69976093331975,1.99942035276177,8.39396744655308,7.1,17.31,526
"SWM",-2.71096111559289,1.91065727144081,8.65344112028088,7.25,17.96,527
"SWM",-2.58427364549001,1.66411316707961,8.17885762482659,6.64,17.33,528
"SWM",-2.70962048351322,1.92444378374044,8.61454674136351,7.22,17.86,529
"SWM",-2.67563988860084,1.92021497316123,8.33476240854589,6.99,17.28,530
"SWM",-2.5355207508401,1.44814908949094,8.53959712162383,6.69,18.5,531
"SWM",-2.6442016827079,1.7252055130988,8.51047000153434,6.97,17.93,532
"SWM",-2.67142361793844,1.67410839008276,8.89290327210616,7.23,18.82,533
"SWM",-2.73102121050554,1.96932412056624,8.7146666564977,7.34,18.01,534
"SWM",-2.5782650091845,1.68119178962924,8.08238245017134,6.58,17.1,535
"SWM",-2.5760376872162,1.60147710888191,8.3008788088161,6.68,17.69,536
"SWM",-2.5620568964708,1.50684386136292,8.52096094855096,6.75,18.34,537
"SWM",-2.69229287423188,1.82248655928226,8.68186770276516,7.2,18.14,538
"SWM",-2.61651341180785,1.64720930933223,8.49742557328805,6.88,18.03,539
"SWM",-2.53101033847111,1.51395759295517,8.23352543794209,6.53,17.71,540
"SWM",-2.80189164964868,2.27599207527959,8.87810357722321,7.69,17.98,541
"SWM",-2.80131497686368,2.05085331301398,9.19855309995458,7.81,18.9,542
"SWM",-2.80579055643427,2.23826686605031,8.95985916479817,7.74,18.18,543
"SWM",-2.81322214293422,1.82492244972056,9.79152403640539,8.12,20.46,544
"SWM",-2.7854326105067,1.97566797846099,9.18967899982051,7.75,18.98,545
"SWM",-2.70640869017578,1.76924530627308,8.93697565459305,7.36,18.76,546
"SWM",-2.6604062686755,1.86451028412697,8.3186942551583,6.93,17.32,547
"SWM",-2.69273771902615,1.90754992547149,8.50331667179157,7.12,17.65,548
"SWM",-2.66877127733964,1.77515974860818,8.59212380416872,7.08,18.03,549
"SWM",-2.64477899017109,1.64248265538113,8.75592184812609,7.09,18.59,550
"SWM",-2.8364780004998,2.25004173258494,9.22362597379963,7.97,18.71,551
"SWM",-2.50993759105906,1.46793229387439,8.24071591243415,6.48,17.81,552
"SWM",-2.71387459319788,1.94091050563218,8.61939344864614,7.24,17.85,553
"SWM",-2.7379898170345,2.04340065423369,8.646251988284,7.34,17.77,554
"SWM",-2.72754145507791,2.23212321949336,8.29281609661143,7.16,16.84,555
"SWM",-2.77964832060189,1.89400982064803,9.30504747015712,7.78,19.33,556
"SWM",-2.75960298905138,1.93694141836448,9.03065000101369,7.58,18.7,557
"SWM",-2.40296347627375,1.31792013020315,8.07772896204675,6.16,17.77,558
"SWM",-2.66893411513001,1.81022778469795,8.50949308734521,7.04,17.8,559
"SWM",-2.81729782686946,2.24773048932613,9.05135469121135,7.82,18.36,560
"SWM",-2.63274148475253,1.88234657086168,8.05628885457214,6.73,16.75,561
"SWM",-2.61429191865106,1.51917202496106,8.92742263440103,7.08,19.19,562
"SWM",-2.56560861374762,1.57532739471324,8.30070687421298,6.65,17.74,563
"SWM",-2.7371528049316,1.87425488608807,8.96062001634663,7.47,18.65,564
"SWM",-2.75141754350775,1.82910515407313,9.19448957235994,7.63,19.2,565
"SWM",-2.73175732836452,2.08803310526677,8.52246815887046,7.27,17.46,566
"SWM",-2.78033355851764,1.89229114796971,9.3152423983843,7.78,19.36,567
"SWM",-2.88778401876663,2.45919437069328,9.46308656312975,8.31,18.97,568
"SWM",-2.71300461080517,1.76951592937553,8.99540931742891,7.41,18.88,569
"SWM",-2.90322121421111,2.41072860861039,9.66164866882591,8.45,19.42,570
"SWM",-2.76587312346573,1.92163468741227,9.11885380579654,7.65,18.91,571
"SWM",-2.39062365609869,1.36051829996917,7.76269276130227,5.97,16.99,572
"SWM",-2.67787743353983,1.76692036687281,8.69148931941726,7.16,18.25,573
"SWM",-2.65787279933255,1.80849215709802,8.41986885697014,6.97,17.62,574
"SWM",-2.25794955973797,1.1273578325236,8.19391428192278,5.94,18.5,575
"SWM",-2.63655725003441,1.71099415657931,8.48382559432175,6.93,17.9,576
"SWM",-2.87357670286689,2.25749000704508,9.56224197727424,8.27,19.39,577
"SWM",-2.64286262085939,1.76977692670134,8.38543632002147,6.91,17.6,578
"SWM",-2.6630588357112,1.82691728023156,8.42180656839837,6.98,17.59,579
"SWM",-2.82331903254559,2.28420861701554,9.06031521263821,7.85,18.34,580
"SWM",-2.552584167264,1.51981992095618,8.39072858686643,6.66,18.03,581
"SWM",-2.65710287047427,1.73286870701398,8.60042572575196,7.05,18.11,582
"SWM",-2.7669443322537,2.1547348375656,8.72862756873673,7.49,17.81,583
"SWM",-2.80623288055289,2.4036898218264,8.77562901758429,7.67,17.64,584
"SWM",-2.80361033890873,2.20311821016599,8.98662037669898,7.74,18.28,585
"SWM",-2.66470645391093,1.82447236927771,8.44117165190606,7,17.64,586
"SWM",-2.65879435419012,1.83220818996626,8.37426953326879,6.95,17.49,587
"SWM",-2.73048831506755,1.92002502806013,8.8050626462741,7.38,18.26,588
"SWM",-2.79599012760529,2.09852675300741,9.07107157265295,7.74,18.57,589
"SWM",-2.74219391981082,2.14995278844969,8.5218309914326,7.31,17.39,590
"SWM",-2.85794071653363,2.27590048401821,9.39003950329442,8.13,19.02,591
"SWM",-2.73841788256017,2.06896090390109,8.60892517364815,7.33,17.66,592
"SWM",-2.71689731237413,2.08529987473099,8.4008431720191,7.16,17.22,593
"SWM",-2.7584379115171,2.19272020667429,8.60325854593055,7.4,17.51,594
"SWM",-2.78183485971324,2.14517295074389,8.87333396273948,7.6,18.11,595
"SWM",-2.75283324070038,1.85377621567155,9.14889661751363,7.61,19.07,596
"SWM",-2.83109161309581,2.53455950533067,8.87340499075782,7.83,17.72,597
"SWM",-2.75819459749039,1.84968774549016,9.20765915363712,7.66,19.2,598
"SWM",-2.68036872802205,1.82924748993779,8.56357677522244,7.1,17.89,599
"SWM",-2.50952180182552,1.58085386129416,7.83039544288255,6.28,16.72,600
"SWM",-2.58798739456984,1.64394447949522,8.26815132756608,6.69,17.55,601
"SWM",-2.75620406778124,2.33105540772503,8.42062941431642,7.33,17,602
"SWM",-2.82464958225919,2.09103019781458,9.34711215903505,7.97,19.15,603
"SWM",-2.70289784712785,2.01711268597106,8.39063096453385,7.11,17.28,604
"SWM",-2.57919976517387,1.76440872138152,7.88058693390275,6.49,16.55,605
"SWM",-2.58390452631464,1.67597018751055,8.14251119892169,6.62,17.23,606
"SWM",-2.8141772884758,2.12399843280195,9.19726722936383,7.87,18.8,607
"SWM",-2.69969989244108,2.08611446936835,8.25640761511205,7.04,16.92,608
"SWM",-2.73746724653162,2.12068996535654,8.52288632549839,7.29,17.43,609
"SWM",-2.75432709119651,2.18371555559971,8.57983216176765,7.38,17.47,610
"SWM",-2.79258661347925,2.12215427009781,9.00362088256894,7.7,18.41,611
"SWM",-2.8824746506862,2.4604283232219,9.41174078552168,8.26,18.87,612
"SWM",-2.65570175569428,1.63426614267705,8.87860567229547,7.18,18.86,613
"SWM",-2.7255119322051,1.92254302489722,8.7563217248709,7.34,18.15,614
"SWM",-2.8545171404119,2.22178617306217,9.42975575497073,8.13,19.16,615
"SWM",-2.70416948070307,1.80140945233578,8.83601400474747,7.31,18.5,616
"SWM",-2.65450134525483,1.79805167954801,8.41568880866524,6.96,17.62,617
"SWM",-2.70383995470195,1.80495484522019,8.82448247954734,7.3,18.47,618
"SWM",-2.7012600003414,1.94518580224332,8.50332195498398,7.15,17.6,619
"SWM",-2.66444038860297,1.80213023422155,8.49015978301025,7.02,17.77,620
"SWM",-2.56358021585325,1.64538659645984,8.06460304498179,6.53,17.12,621
"SWM",-2.76784441748809,2.0252840616021,8.93933566805002,7.58,18.4,622
"SWM",-2.72155338790056,1.96859810100296,8.63387596381118,7.28,17.84,623
"SWM",-2.67867712452565,1.72744137858412,8.8028283702924,7.21,18.54,624
"SWM",-2.86140703479652,2.23898461167764,9.47131900331718,8.18,19.22,625
"SWM",-2.81191897426427,2.03829123329369,9.31873858812436,7.91,19.16,626
"SWM",-2.82906959003476,2.15289778827539,9.29084884505138,7.97,18.96,627
"SWM",-2.69256861165957,2.14504836847389,8.11573449493913,6.95,16.57,628
"SWM",-2.62900279792604,1.70010075032386,8.44975625329855,6.89,17.84,629
"SWM",-2.5863368065452,1.60015492393093,8.39112918890422,6.75,17.89,630
"SWM",-2.7514469518415,2.19317675662545,8.54272771881617,7.35,17.39,631
"SWM",-2.74981880250329,2.18987248504553,8.53314299065011,7.34,17.37,632
"SWM",-2.73774169574856,1.96568391486264,8.78021979022167,7.4,18.15,633
"SWM",-2.712652049936,2.0484588310829,8.42187900243452,7.15,17.3,634
"SWM",-2.82356843473971,2.00267929362814,9.49402492195137,8.03,19.57,635
"SWM",-2.64699484254873,1.77827753586103,8.39950491589051,6.92,17.62,636
"SWM",-2.49784669051165,1.44649940956935,8.23089529586896,6.44,17.83,637
"SWM",-2.6802505223791,1.79525140333975,8.64193326717643,7.14,18.1,638
"SWM",-2.77093319745943,1.95664164851613,9.09416593531336,7.65,18.81,639
"SWM",-2.60570276768718,1.61370507257967,8.51070367716493,6.86,18.12,640
"SWM",-2.78496760163136,2.14680317925992,8.89880718462855,7.63,18.16,641
"SWM",-2.67637855188558,1.73761185929456,8.75500486962753,7.18,18.43,642
"SWM",-2.8067262404094,2.14736792678052,9.09371800780349,7.79,18.56,643
"SWM",-2.78116661532736,2.1208864718029,8.90329260993278,7.61,18.2,644
"SWM",-2.79391951986726,2.13274062987092,8.99964479353428,7.7,18.39,645
"SWM",-2.70466029543804,2.06105106839682,8.33525481859573,7.09,17.11,646
"SWM",-2.83177050627173,2.35014445821501,9.06003092540158,7.89,18.27,647
"SWM",-2.68863930580377,1.94362715681103,8.39956028839805,7.06,17.39,648
"SWM",-2.74767718698688,2.42420530276208,8.25735604300991,7.23,16.58,649
"SWM",-2.80303231798785,2.3180625609195,8.83894144360975,7.68,17.86,650
"SWM",-2.85174138260224,2.13364120262452,9.53393226145853,8.16,19.48,651
"SWM",-2.63343416355207,1.75817260760116,8.33511132070513,6.85,17.51,652
"SWM",-2.7162962095749,1.84920290748967,8.8309373929342,7.34,18.41,653
"SWM",-2.65604693454358,1.89731351337636,8.21671900733588,6.87,17.07,654
"SWM",-2.65649041369152,1.73105972719891,8.59997990220294,7.05,18.11,655
"SWM",-2.55726268840119,1.5459771850286,8.33348288094721,6.64,17.86,656
"SWM",-2.63264127100456,1.79962494399382,8.23012538435135,6.8,17.23,657
"SWM",-2.71040888815902,2.01389856412476,8.45926168275291,7.16,17.42,658
"SWM",-2.58252315670832,1.6221213212741,8.28931938941049,6.69,17.63,659
"SWM",-2.71635318234502,2.02132202348121,8.49726097092523,7.2,17.49,660
"SWM",-2.64712098771399,1.78256861287585,8.39026593969436,6.92,17.59,661
"SWM",-2.7815400992222,2.04820294534582,9.02293042800878,7.66,18.54,662
"SWM",-2.7416709579089,2.11985535159528,8.55999946459274,7.32,17.5,663
"SWM",-2.90112656826747,2.53359059679681,9.51802387532788,8.4,19.01,664
"SWM",-2.5676574727555,1.57595952766981,8.31559012584533,6.66,17.77,665
"SWM",-2.70517905457699,2.0792740296832,8.31193479294037,7.08,17.04,666
"SWM",-2.78080189334921,2.00137148655839,9.09895732202621,7.69,18.76,667
"SWM",-2.6442144303186,1.7755887846436,8.38266116245854,6.91,17.59,668
"SWM",-2.70399007263365,2.02150361512206,8.39255661206013,7.11,17.28,669
"SWM",-2.70499082058856,1.97418757225545,8.4820337834056,7.15,17.52,670
"SWM",-2.71545396449312,1.99191409169854,8.53977430731559,7.21,17.62,671
"SWM",-2.56883197727367,1.53630428479904,8.46590941139777,6.74,18.16,672
"SWM",-2.76632055531628,2.2877783370427,8.55423469025427,7.42,17.31,673
"SWM",-2.73689220504457,1.98523591844005,8.73682759987047,7.37,18.03,674
"SWM",-2.63885740531584,1.78751371273243,8.30955189297894,6.86,17.42,675
"SWM",-2.81083993338111,2.55026852090133,8.68245083376356,7.67,17.33,676
"SWM",-2.81859847150363,2.22969652752123,9.08657424544009,7.84,18.45,677
"SWM",-2.67343512667795,1.77280926435811,8.63815405653244,7.12,18.13,678
"SWM",-2.80152845861562,2.22395478541223,8.94025398922101,7.71,18.16,679
"SWM",-2.65623590280111,1.89208444969997,8.22849993120929,6.88,17.1,680
"SWM",-2.65090581279336,1.83656382415868,8.29899953348229,6.89,17.32,681
"SWM",-2.69438152051716,1.97744751636592,8.38678252003898,7.07,17.32,682
"SWM",-2.63514580936799,1.75153745941314,8.36592944790367,6.87,17.59,683
"SWM",-2.61515090934986,1.60627344620959,8.61597543947535,6.93,18.36,684
"SWM",-2.70631168932357,1.95396554921964,8.53001371064341,7.18,17.64,685
"SWM",-2.66802766592774,1.76401940147246,8.61361941629166,7.09,18.09,686
"SWM",-2.76362100498961,2.11423249397509,8.75834535260176,7.48,17.91,687
"SWM",-2.67089264873231,1.73025702944199,8.72691049406289,7.15,18.38,688
"SWM",-2.61063457372673,1.59878124220677,8.60212092597651,6.91,18.34,689
"SWM",-2.67730206895661,1.77675678040931,8.66175033342519,7.14,18.17,690
"SWM",-2.76789909133613,1.88577043979287,9.2145380665861,7.7,19.16,691
"SWM",-2.74049152374047,1.99350520264834,8.75343979144718,7.39,18.05,692
"SWM",-2.50399264387823,1.46520556078357,8.20303232969798,6.45,17.73,693
"SWM",-2.80128342464027,1.98225753928019,9.32366509652314,7.87,19.25,694
"SWM",-2.72657444247106,1.93771900613447,8.73574071315167,7.34,18.09,695
"SWM",-2.58168442528964,1.68882599328392,8.08930870206299,6.59,17.1,696
"SWM",-2.70741064811184,1.86404463093882,8.72005803781314,7.26,18.16,697
"SWM",-2.6706071139324,1.74841443657096,8.67606245261108,7.13,18.24,698
"SWM",-2.74773659301917,2.21926737973119,8.47787342439974,7.31,17.23,699
"SWM",-2.6112674217924,1.61486311281152,8.554430128184,6.89,18.21,700
"SWM",-2.79009720052036,2.19122944547402,8.8820133376354,7.64,18.08,701
"SWM",-2.74094207806497,1.87676854536441,8.98909728159279,7.5,18.7,702
"SWM",-2.74227272974677,2.14502819696365,8.52934117847074,7.31,17.41,703
"SWM",-2.81554920677473,2.14269484434221,9.1813166711783,7.87,18.75,704
"SWM",-2.66908226345196,1.79908202772923,8.5368552018554,7.06,17.87,705
"SWM",-2.63272100304309,1.79126183870895,8.25000237876664,6.81,17.28,706
"SWM",-2.82216177099748,2.37298507972554,8.94859727114941,7.81,18.02,707
"SWM",-2.64508269120399,1.7242701128054,8.52047101611294,6.97,17.95,708
"SWM",-2.65409779833481,1.70055601519259,8.66319616022671,7.07,18.29,709
"SWM",-2.6585767310815,1.75591699598647,8.55306516885017,7.03,17.97,710
"SWM",-2.74704217586849,2.08908926636176,8.6521125569736,7.38,17.73,711
"SWM",-2.60490462086584,1.58029222713962,8.6160138093667,6.91,18.4,712
"SWM",-2.55430962290311,1.5395532501079,8.33202993817585,6.63,17.87,713
"SWM",-2.7213133833834,1.91047899889299,8.74385081789266,7.32,18.15,714
"SWM",-2.68309280266452,1.7861772809364,8.68866331991698,7.17,18.21,715
"SWM",-2.79117982659432,2.35905047596016,8.69017320756456,7.58,17.52,716
"SWM",-2.83082023761108,2.01553563902893,9.53862520505834,8.08,19.64,717
"SWM",-2.70947329364705,1.83120825416721,8.81192323716531,7.31,18.4,718
"SWM",-2.7899923442804,1.95102953640876,9.2804497858588,7.81,19.2,719
"SWM",-2.64380310583284,1.80800639800673,8.30333494379706,6.87,17.37,720
"SWM",-2.5967563879716,1.71613231810337,8.13941178558523,6.66,17.16,721
"SWM",-2.78906636037178,2.08471784496216,9.03047430577634,7.7,18.51,722
"SWM",-2.57518122172051,1.63622303330482,8.18585436679116,6.62,17.39,723
"SWM",-2.5732670826685,1.70714907597205,7.9733922517705,6.51,16.83,724
"SWM",-2.6605840953152,1.8583381846424,8.33305856788043,6.94,17.36,725
"SWM",-2.60003539659364,1.72896901238468,8.13320375465443,6.66,17.13,726
"SWM",-2.81744432734048,2.17224216966459,9.15519007722786,7.86,18.66,727
"SWM",-2.53264035063952,1.51968624369728,8.22553950085062,6.53,17.68,728
"SWM",-2.77728557151828,2.2401194672105,8.70575562482775,7.52,17.67,729
"SWM",-2.6747474041595,1.93506539937639,8.29943277377246,6.97,17.19,730
"SWM",-2.58551485201679,1.59449360648799,8.40284524997558,6.75,17.92,731
"SWM",-2.68808078729502,1.7194672506339,8.90830292960488,7.29,18.78,732
"SWM",-2.77498037031802,2.09198230136591,8.89269438941405,7.58,18.22,733
"SWM",-2.52243443793902,1.49366721080556,8.2406349201303,6.51,17.76,734
"SWM",-2.74857770152153,1.90173233116542,9.00390725983824,7.53,18.7,735
"SWM",-2.87574957045293,2.14414202917258,9.74869957124348,8.35,19.9,736
"SWM",-2.73839558870163,2.01048412584111,8.70525339603124,7.37,17.93,737
"SWM",-2.74423645500177,1.92203806768731,8.92285073877802,7.48,18.5,738
"SWM",-2.64243989607147,1.83312087532978,8.23645296946798,6.84,17.2,739
"SWM",-2.77900080368069,2.06238959289315,8.9762990047719,7.63,18.42,740
"SWM",-2.82252716827493,2.20667010032127,9.15335405134269,7.89,18.61,741
"SWM",-2.66898033488953,1.92242135925034,8.27527401894219,6.94,17.16,742
"SWM",-2.79688562616716,2.22304159590842,8.90003093891993,7.68,18.08,743
"SWM",-2.69028671889564,1.74853932642874,8.84816196198479,7.27,18.61,744
"SWM",-2.71795902469809,1.81599146382357,8.92311807204602,7.39,18.66,745
"SWM",-2.62472004668557,1.75444599717408,8.27196027319572,6.8,17.39,746
"SWM",-2.8229361899234,2.31436111151609,9.02093176022088,7.84,18.23,747
"SWM",-2.76972934667449,1.97678304549624,9.04438321977971,7.63,18.68,748
"SWM",-2.67545340285553,1.72760610291736,8.77404490632149,7.19,18.48,749
"SWM",-2.64421313723235,1.7386014882854,8.47530435957338,6.95,17.84,750
"SWM",-2.7795257726038,2.01077737933346,9.07023788362379,7.68,18.68,751
"SWM",-2.75963100643406,1.95678608814497,8.99168001795576,7.57,18.59,752
"SWM",-2.72748028911019,1.90150566915331,8.81640809748803,7.38,18.31,753
"SWM",-2.86602698995483,2.31421973166371,9.41831955038783,8.18,19.03,754
"SWM",-2.81117167128191,2.13557008452384,9.15195498171351,7.84,18.69,755
"SWM",-2.72932589439994,2.09908051041914,8.48525041458639,7.24,17.37,756
"SWM",-2.75634483655552,2.21067417867894,8.562053253089,7.38,17.41,757
"SWM",-2.62788086352505,1.71329233027645,8.40434286636291,6.87,17.73,758
"SWM",-2.75996327966502,1.96710388927599,8.97480104512515,7.56,18.55,759
"SWM",-2.65240036515468,1.79912043711506,8.39553611592902,6.94,17.58,760
"SWM",-2.69446049964644,1.82954267561315,8.68443041943898,7.21,18.14,761
"SWM",-2.7640572197438,1.93580316761166,9.07326609419203,7.62,18.79,762
"SWM",-2.77409003340575,2.36845636980489,8.5332217295265,7.44,17.19,763
"SWM",-2.57646999440335,1.69674717948356,8.0261500869129,6.55,16.95,764
"SWM",-2.83563692184823,2.37805869186151,9.06452712772999,7.91,18.25,765
"SWM",-2.73871141661879,1.94730055146728,8.82372449596287,7.42,18.26,766
"SWM",-2.71273450161309,1.72952467111705,9.10188034094668,7.46,19.17,767
"SWM",-2.64878544811369,1.77809657562425,8.41499550360658,6.94,17.65,768
"SWM",-2.66980009690405,1.79654432225345,8.54901063468935,7.06,17.9,769
"SWM",-2.65819543545168,1.7874635884501,8.47192602950069,6.99,17.76,770
"SWM",-2.65679505977676,1.71515437054855,8.64575232446523,7.07,18.23,771
"SWM",-2.6431590649778,1.83483869920074,8.23866996827789,6.84,17.2,772
"SWM",-2.8493215593939,2.13857946856771,9.50311727076035,8.14,19.41,773
"SWM",-2.60177297983298,1.7329835153362,8.13720123220029,6.67,17.13,774
"SWM",-2.71323345048019,1.83887809022018,8.8273949771669,7.33,18.42,775
"SWM",-2.81034445505076,2.33823987972252,8.88107494767096,7.73,17.92,776
"SWM",-2.69020136075429,1.89283732407414,8.51125567795458,7.11,17.69,777
"SWM",-2.49358790657136,1.52251207989566,7.9004437642588,6.27,16.97,778
"SWM",-2.66251739055549,1.93588189435218,8.19705469225129,6.88,16.98,779
"SWM",-2.62398894872249,1.7768935425102,8.21173615976606,6.77,17.23,780
"SWM",-2.72180153606504,1.97016137070344,8.63315861851811,7.28,17.84,781
"SWM",-2.60875422290513,1.67676274040245,8.34513116479048,6.79,17.66,782
"SWM",-2.76915262261328,2.00576649951329,8.98562751494205,7.6,18.52,783
"SWM",-2.75257082072829,2.21464675064375,8.52476970244168,7.35,17.33,784
"SWM",-2.67651290906587,1.6346545994139,9.06402498352992,7.33,19.26,785
"SWM",-2.71347829216138,1.85693696502484,8.78880003541792,7.32,18.31,786
"SWM",-2.64551661644765,1.8078133170972,8.31801388354481,6.88,17.4,787
"SWM",-2.71530126487173,1.8509149444026,8.81830024015721,7.33,18.39,788
"SWM",-2.68200849281381,2.00384925873854,8.23890310117855,6.97,16.98,789
"SWM",-2.72803913871876,1.97902821231176,8.67100009381336,7.31,17.9,790
"SWM",-2.71960532450756,1.84628363703664,8.86683891268458,7.37,18.49,791
"SWM",-2.79624975033993,1.9090668327742,9.42735070006226,7.89,19.57,792
"SWM",-2.58081186856505,1.61302012668118,8.30364351403084,6.69,17.68,793
"SWM",-2.64126691415121,1.8373386758027,8.21773023520339,6.82,17.15,794
"SWM",-2.71680907262339,2.01094640462293,8.5185671946691,7.21,17.55,795
"SWM",-2.84553819300185,2.23305886296878,9.33015100949436,8.06,18.94,796
"SWM",-2.68165305458644,1.6833901162012,8.95608590612195,7.29,18.94,797
"SWM",-2.61716388134766,1.74816277100448,8.22518216716226,6.75,17.3,798
"SWM",-2.51946240726969,1.52383379093146,8.10272602535004,6.43,17.41,799
"SWM",-2.82942404110295,2.01553497116974,9.52531795969679,8.06,19.61,800
"SWM",-2.60721416726321,1.60700132176115,8.54546726022233,6.88,18.2,801
"SWM",-2.71751875497125,2.04680758857958,8.46559841559962,7.19,17.39,802
"SWM",-2.69609221890031,1.9890603116345,8.38092612638373,7.08,17.29,803
"SWM",-2.74318353266193,2.07650077316753,8.63821954490953,7.36,17.71,804
"SWM",-2.78103816725433,1.97211979843026,9.15621809141818,7.72,18.91,805
"SWM",-2.64012813209247,1.71829980262508,8.49434786818149,6.95,17.91,806
"SWM",-2.86022395627706,2.22272709113963,9.48241594202772,8.18,19.26,807
"SWM",-2.55962400596093,1.54459455279748,8.35815812651548,6.66,17.92,808
"SWM",-2.74543515120193,1.94140784204581,8.89478567677408,7.47,18.42,809
"SWM",-2.65414459656584,1.8001549476545,8.40778302711023,6.95,17.6,810
"SWM",-2.67205120571109,1.87600033646629,8.3922582294039,7,17.46,811
"SWM",-2.96125710083144,2.5516020435734,10.0905040977083,8.91,20.14,812
"SWM",-2.64717034092284,1.72101611417187,8.54702873366383,6.99,18.02,813
"SWM",-2.79771932512079,2.18717654830929,8.95554147420502,7.7,18.23,814
"SWM",-2.77515195013107,2.0938607277631,8.89127645915645,7.58,18.21,815
"SWM",-2.7269541192673,1.90334493965448,8.80796263372928,7.37,18.29,816
"SWM",-2.71581764804024,2.08475616136589,8.39259144163524,7.15,17.2,817
"SWM",-2.63474945012673,1.78457542800429,8.28237662341112,6.83,17.36,818
"SWM",-2.67315390727156,1.87926782747705,8.39481244018893,7.01,17.46,819
"SWM",-2.79641645693531,2.00307768546885,9.23897024097399,7.81,19.04,820
"SWM",-2.5560568110955,1.66675549693037,7.94400919682454,6.45,16.83,821
"SWM",-2.69922504131692,1.75571136849399,8.90844103290353,7.32,18.72,822
"SWM",-2.70131589583183,1.98103802530495,8.43881496317939,7.12,17.42,823
"SWM",-2.6336114904847,1.76163234218155,8.32806369712646,6.85,17.49,824
"SWM",-2.76012677011102,2.04710400004734,8.83360175473514,7.5,18.15,825
"SWM",-2.69839739016498,1.80319955677246,8.78082254092564,7.26,18.38,826
"SWM",-2.81141527571553,2.10918561246771,9.19506329435444,7.85,18.81,827
"SWM",-2.65761641119765,1.87008457749895,8.28404093682454,6.91,17.25,828
"SWM",-2.75683547275028,1.98518459994313,8.91291227512062,7.52,18.39,829
"SWM",-2.57961843009984,1.56344896736504,8.45910857014109,6.76,18.1,830
"SWM",-2.79507340086184,2.34792107423839,8.73597299532145,7.61,17.62,831
"SWM",-2.42837436583401,1.29532235223479,8.41573605284638,6.38,18.56,832
"SWM",-2.74383085651953,1.97864118993453,8.809729139484,7.43,18.19,833
"SWM",-2.67533271462115,1.73801457662763,8.74477256851675,7.17,18.41,834
"SWM",-2.65729385614534,1.82879843583672,8.36922816692278,6.94,17.48,835
"SWM",-2.70012671713683,1.93198977250476,8.51862613112012,7.15,17.65,836
"SWM",-2.52913275239123,1.59066606587152,7.95420040708697,6.39,16.97,837
"SWM",-2.71269232739842,1.9901360084912,8.51932834511119,7.19,17.58,838
"SWM",-2.69579321250586,1.89184527774113,8.56101004531681,7.15,17.79,839
"SWM",-2.67110526788064,1.78957311206544,8.57690082583371,7.08,17.97,840
"SWM",-2.50074531118876,1.42368844695115,8.35535927402685,6.51,18.15,841
"SWM",-2.79372861059276,2.14800738003015,8.97535147873099,7.69,18.32,842
"SWM",-2.76283991957347,2.14573842791132,8.70557203868733,7.46,17.77,843
"SWM",-2.7473022244806,2.06258706790716,8.69590904948161,7.4,17.85,844
"SWM",-2.66231222311521,1.83919760871371,8.38844945922821,6.97,17.51,845
"SWM",-2.70640078554658,1.84932998343039,8.74369842441005,7.27,18.23,846
"SWM",-2.74935960416148,2.09361636682039,8.66525446923494,7.39,17.75,847
"SWM",-2.73043097065296,2.07475472420732,8.53145160934009,7.26,17.5,848
"SWM",-2.6039468110753,1.67754838982671,8.30288898398812,6.75,17.57,849
"SWM",-2.63761734084113,1.71983592797579,8.46892559005367,6.93,17.85,850
"SWM",-2.65159461717829,1.6880312403453,8.67737186783267,7.07,18.35,851
"SWM",-2.83359457357094,2.16824231948302,9.3101189318848,7.99,18.98,852
"SWM",-2.58853430811889,1.53293551915266,8.64714380822391,6.88,18.56,853
"SWM",-2.73842135180711,2.01993322741269,8.6892304623608,7.36,17.89,854
"SWM",-2.80985225701557,2.28906270038128,8.93330459543365,7.75,18.08,855
"SWM",-2.55900352451331,1.54271473534153,8.35975721036345,6.66,17.92,856
"SWM",-2.7440630243431,2.32551864967395,8.32484936080758,7.24,16.81,857
"SWM",-2.74004048413251,2.07295581229965,8.6166384267911,7.34,17.67,858
"SWM",-2.72131503531891,2.14193826748149,8.35667478086419,7.16,17.06,859
"SWM",-2.73431036203145,2.00963442971658,8.67123078736632,7.34,17.86,860
"SWM",-2.70407705495602,1.87172715977406,8.67448421492221,7.23,18.06,861
"SWM",-2.61002315374385,1.63830689005191,8.46965134171837,6.85,17.99,862
"SWM",-2.78275101609066,2.00927290522861,9.102266842561,7.7,18.75,863
"SWM",-2.77516770964365,2.24387628107458,8.6826858595371,7.5,17.62,864
"SWM",-2.74554050961299,2.06003068714006,8.68470014710518,7.38,17.83,865
"SWM",-2.78455769453669,1.97559850785451,9.18177619116026,7.74,18.96,866
"SWM",-2.80600551442421,2.20482017003888,9.00586604883438,7.76,18.32,867
"SWM",-2.68968541593336,1.7621555971447,8.8070335038894,7.25,18.5,868
"SWM",-2.6983159005951,1.91713641569024,8.53193637918348,7.15,17.7,869
"SWM",-2.91345752681343,2.28167250489186,9.91832584039445,8.6,20.08,870
"SWM",-2.80003358795952,2.20649238389463,8.94999895007494,7.71,18.2,871
"SWM",-2.67689167678035,1.87992390810371,8.42490251235582,7.03,17.52,872
"SWM",-2.67337403484371,1.81079581691319,8.54603743696766,7.07,17.88,873
"SWM",-2.74999581631091,1.93032163075126,8.95757033488437,7.52,18.56,874
"SWM",-2.63959251172044,1.72482978797764,8.47233214217388,6.94,17.85,875
"SWM",-2.66824037076242,1.84214730367884,8.43187658690073,7.01,17.59,876
"SWM",-2.67066971517416,1.87193914065839,8.38904139255451,6.99,17.46,877
"SWM",-2.7298496879836,1.89011186916821,8.86126360351696,7.4,18.42,878
"SWM",-2.67028635836,1.74709700363502,8.67672922874369,7.12,18.25,879
"SWM",-2.68720996115476,1.68818622458804,8.99152345334668,7.32,19.01,880
"SWM",-2.6895668705588,2.05491958106289,8.21973590196127,6.99,16.88,881
"SWM",-2.76269689232471,2.19669369046609,8.63475036703138,7.43,17.57,882
"SWM",-2.72664979188375,1.98545982766813,8.64739769248151,7.3,17.85,883
"SWM",-2.77866767942932,2.32800151628224,8.61525451601286,7.49,17.39,884
"SWM",-2.62390005036802,1.62965000337753,8.61532494741839,6.96,18.31,885
"SWM",-2.5665792568377,1.55507325911966,8.37892266448295,6.69,17.94,886
"SWM",-2.66539124660423,1.95814513562473,8.18060973859796,6.89,16.92,887
"SWM",-2.77625700408016,2.12074434590586,8.85990114283319,7.58,18.11,888
"SWM",-2.76452093998977,1.83698135494083,9.29652987833008,7.72,19.4,889
"SWM",-2.73000385518149,1.83876236982329,8.97695230225279,7.46,18.73,890
"SWM",-2.84208160831788,2.03283415012075,9.61415447856989,8.15,19.77,891
"SWM",-2.82492043796844,2.35499518648955,8.99283123609179,7.84,18.13,892
"SWM",-2.59202122718741,1.64031707000868,8.31246965654061,6.72,17.65,893
"SWM",-2.5075285399547,1.58631119330919,7.79770007475632,6.26,16.65,894
"SWM",-2.62833500767631,1.90570258944906,7.97638125980387,6.68,16.56,895
"SWM",-2.90832579248296,2.45934002472764,9.65933561001386,8.48,19.36,896
"SWM",-2.58297668424117,1.61044345311882,8.32982680150295,6.71,17.74,897
"SWM",-2.745942105186,2.04557403759913,8.71169967802021,7.4,17.9,898
"SWM",-2.53958859061066,1.48234755771182,8.42882246869697,6.64,18.19,899
"SWM",-2.72472964075251,1.89672959119498,8.80211534770357,7.36,18.29,900
"SWM",-2.68249649615969,1.81305829848764,8.61905901590493,7.14,18.03,901
"SWM",-2.85452971472941,2.34771185408427,9.27137278611773,8.08,18.7,902
"SWM",-2.78991329597545,2.26157765728679,8.7897829058562,7.61,17.81,903
"SWM",-2.81757873534042,2.07244084327945,9.31221302469489,7.93,19.1,904
"SWM",-2.65142812942394,2.00414017451355,7.99030045261152,6.76,16.47,905
"SWM",-2.6700368721831,1.91205304705045,8.30376782531548,6.95,17.23,906
"SWM",-2.69293927963111,1.9691718544873,8.38930566856813,7.07,17.33,907
"SWM",-2.63473742511584,1.7630354157144,8.33400079947952,6.86,17.5,908
"SWM",-2.67422026592257,1.73400890978692,8.74582652816535,7.17,18.41,909
"SWM",-2.71904527736725,1.87150444370542,8.80578622266587,7.34,18.33,910
"SWM",-2.78225767833463,2.11125648489073,8.92765044675609,7.63,18.26,911
"SWM",-2.67575537358931,1.77547327101609,8.65156005649476,7.13,18.15,912
"SWM",-2.78409780963676,2.02089612460154,9.09360989424672,7.7,18.72,913
"SWM",-2.80484033155202,2.13869262526051,9.0895007621713,7.78,18.56,914
"SWM",-2.6862810702474,1.8290192281189,8.61487673717351,7.15,17.99,915
"SWM",-2.79518489275161,2.06882432713694,9.11199273511109,7.75,18.69,916
"SWM",-2.69286543707126,1.76664289066176,8.82345434718089,7.26,18.52,917
"SWM",-2.62748457730068,1.69540582486498,8.4499571739057,6.89,17.85,918
"SWM",-2.74316180326273,1.94524970956489,8.86707214062586,7.45,18.35,919
"SWM",-2.5833994092277,1.47850665244305,8.82276749484319,6.95,19.05,920
"SWM",-2.77438416438169,2.11853343669893,8.84663872376873,7.56,18.09,921
"SWM",-2.79082084082527,2.00319117686244,9.18720697258661,7.77,18.94,922
"SWM",-2.64402148609368,1.76678538649592,8.40248774906588,6.92,17.64,923
"SWM",-2.61281160371378,1.84998893736763,7.96116812216294,6.62,16.6,924
"SWM",-2.69269032859896,1.86877086245497,8.58254079380529,7.15,17.87,925
"SWM",-2.61448046084065,1.71248975880365,8.29460295324686,6.78,17.5,926
"SWM",-2.67428647349163,1.9115585442413,8.34008560461003,6.98,17.31,927
"SWM",-2.83317721314661,2.0493155693378,9.49909988467782,8.07,19.51,928
"SWM",-2.6820071456001,1.87327777594266,8.48189580286142,7.07,17.65,929
"SWM",-2.70070929433746,1.9016447662066,8.58323449295547,7.18,17.82,930
"SWM",-2.76931875338438,1.98391136609039,9.02725143297769,7.62,18.63,931
"SWM",-2.81655279137402,2.07157531987678,9.3041273118489,7.92,19.09,932
"SWM",-2.8053909466717,2.01371895061272,9.30246612939551,7.87,19.16,933
"SWM",-2.69641753066539,1.89680564665774,8.55624937613709,7.15,17.77,934
"SWM",-2.74516874702917,2.08862378492279,8.63663129138279,7.36,17.7,935
"SWM",-2.76978776737642,2.14989087119768,8.76034353154824,7.51,17.88,936
"SWM",-2.77105402905288,2.0003229884487,9.01260155936015,7.62,18.58,937
"SWM",-2.67541475696595,1.7753479732151,8.64892605542924,7.13,18.14,938
"SWM",-2.69183846123353,1.80965110603094,8.7080143851838,7.21,18.22,939
"SWM",-2.63466887003329,2.072298547063,7.75581391661968,6.6,15.91,940
"SWM",-2.52999698894506,1.43598007361718,8.54684631877381,6.68,18.54,941
"SWM",-2.7671400051763,1.91962220372388,9.13461160293094,7.66,18.94,942
"SWM",-2.62991087750987,1.74017927061026,8.35091743429389,6.85,17.57,943
"SWM",-2.76126722219238,1.94588110172156,9.02782358202401,7.59,18.68,944
"SWM",-2.77461292365894,2.00141934171976,9.04273070536986,7.65,18.64,945
"SWM",-2.77927429666465,2.08487586840195,8.94222684967318,7.62,18.33,946
"SWM",-2.702995805179,1.92339539483666,8.55970578353532,7.18,17.75,947
"SWM",-2.76628860337117,1.96108225439421,9.04337410214885,7.61,18.7,948
"SWM",-2.67178288803046,1.79339399245902,8.57351386899725,7.08,17.96,949
"SWM",-2.78970378943788,2.01391409044012,9.15732150732609,7.75,18.86,950
"SWM",-2.76130917291805,2.19624078905837,8.62336943438215,7.42,17.55,951
"SWM",-2.6893716079321,2.11573942359082,8.12950803692435,6.95,16.63,952
"SWM",-2.62968878882322,1.65361621867258,8.59048101601844,6.96,18.22,953
"SWM",-2.7485566444008,2.20736451708928,8.49982774515257,7.32,17.28,954
"SWM",-2.43192442647653,1.29531358693953,8.44571779893739,6.4,18.63,955
"SWM",-2.62902131509755,1.80353888651399,8.19152917171128,6.77,17.14,956
"SWM",-2.7398023533745,1.94885358901254,8.83021917504559,7.43,18.27,957
"SWM",-2.81245085695794,2.21688205108357,9.04783497205116,7.8,18.39,958
"SWM",-2.75356188303881,2.17224203431814,8.58862382916904,7.38,17.5,959
"SWM",-2.64696226238268,1.6849690676302,8.6461288321101,7.04,18.28,960
"SWM",-2.57106616097412,1.5439970121294,8.45652198594913,6.74,18.13,961
"SWM",-2.49705833506779,1.44372610646283,8.23629025667649,6.45,17.85,962
"SWM",-2.49542917389821,1.41288803496279,8.3604563042509,6.5,18.18,963
"SWM",-2.49706702565929,1.47931674365584,8.08983354148449,6.37,17.46,964
"SWM",-2.66183202319449,1.83785791884997,8.38734404214676,6.97,17.51,965
"SWM",-2.78058428507922,2.16828114514075,8.82938566203691,7.58,18,966
"SWM",-2.78351318368583,2.0239157878576,9.0829293643941,7.7,18.69,967
"SWM",-2.7665704629947,2.13020126161695,8.76055507825211,7.5,17.9,968
"SWM",-2.72700290882184,1.85004766674575,8.92406935622002,7.42,18.61,969
"SWM",-2.7437732726729,1.84977370962054,9.07562611450278,7.55,18.92,970
"SWM",-2.68416447650019,1.99569895348501,8.27031282090319,6.99,17.05,971
"SWM",-2.70973260825687,1.86080266801999,8.74742495011496,7.28,18.22,972
"SWM",-2.76663323783036,1.82646767105394,9.34197742866981,7.75,19.52,973
"SWM",-2.79196871818187,2.00119764380499,9.20145613307765,7.78,18.97,974
"SWM",-2.76053041996757,2.00949896844969,8.90183838699654,7.53,18.34,975
"SWM",-2.84110455405204,2.24715072830124,9.27018370888148,8.01,18.8,976
"SWM",-2.64364398573997,1.75711271641002,8.42329715961541,6.93,17.7,977
"SWM",-2.66457502009446,1.87536467961965,8.33104797308685,6.95,17.34,978
"SWM",-2.75219578968492,2.06836172452135,8.72931409366757,7.43,17.91,979
"SWM",-2.61982595391104,1.82561542022855,8.06825169455691,6.69,16.86,980
"SWM",-2.63512710793821,1.74843205263302,8.37358806812252,6.88,17.61,981
"SWM",-2.76990527049218,1.89695899533317,9.2083743058103,7.7,19.13,982
"SWM",-2.35750102173152,1.186134885986,8.55325785937063,6.31,19.14,983
"SWM",-2.69678011725572,1.95230139426078,8.45215034626984,7.11,17.48,984
"SWM",-2.67583974761408,1.86616691343709,8.44459018190457,7.04,17.58,985
"SWM",-2.8841241000353,2.80846580516473,9.14923149673475,8.2,18.05,986
"SWM",-2.72485440962967,1.96109524288765,8.67630175209696,7.31,17.94,987
"SWM",-2.7219672162737,1.82684016340338,8.93300798406833,7.41,18.66,988
"SWM",-2.59197564082571,1.71159340305486,8.11234964348274,6.63,17.11,989
"SWM",-2.77060533227811,2.10793694767258,8.82926617847373,7.54,18.07,990
"SWM",-2.6081727428854,1.65479502070666,8.40411321328227,6.81,17.82,991
"SWM",-2.71522791198164,1.84976167313051,8.82024885792845,7.34,18.39,992
"SWM",-2.60152069389695,1.64101565876869,8.38968439490791,6.79,17.81,993
"SWM",-2.62293009131323,1.58781923547245,8.7462825743522,7.02,18.67,994
"SWM",-2.62940319737488,1.76491905843466,8.28507806041217,6.82,17.4,995
"SWM",-2.59231265116934,1.61700740438552,8.38699426342622,6.76,17.85,996
"SWM",-2.85419720302568,2.14455987345272,9.54018778062029,8.18,19.48,997
"SWM",-2.79827541133993,2.01004813059686,9.24324801692886,7.82,19.04,998
"SWM",-2.68309435980794,1.90314197939955,8.43039844402495,7.05,17.5,999
"SWM",-2.57788027078277,1.66370454119998,8.12789023466047,6.6,17.22,1000
